wavelength,a1,a2,a3,a4,a5,a6,a7,a8,a9,a10,a11,a12,a13,a14,a15,a16,a17,a18,a19,a20,a21
190,-0.385,-0.428,-0.045,0.017,0.022,-0.001,-0.009,0.006,0.012,0.006,0.011,-0.027,-0.012,-0.007,0.018,0.024,-0.008,0.003,0.009,0.009,-0.006
191,-0.849,-0.527,-0.028,0.003,0.006,-0.002,-0.009,-0.009,0.002,0.004,0.004,-0.013,0.001,-0.017,0.008,0.01,-0.018,-0.004,-0.001,-0.01,0
192,-1.344,-0.831,-0.109,-0.007,-0.011,-0.009,-0.007,-0.012,-0.002,-0.008,-0.01,-0.006,-0.008,-0.009,-0.007,-0.016,-0.004,-0.009,-0.015,-0.009,-0.006
193,-1.171,-0.939,-0.182,0.036,0.013,-0.013,-0.01,-0.01,-0.003,-0.008,-0.012,-0.009,-0.009,-0.012,-0.007,-0.009,-0.011,-0.012,-0.01,-0.01,-0.007
194,-1.003,-1.078,-0.476,-0.143,-0.085,0.016,0.018,-0.01,-0.009,0.033,-0.012,-0.009,-0.009,-0.012,-0.007,-0.009,-0.011,-0.012,-0.018,-0.01,-0.007
195,-1.029,-1.349,-0.879,-0.427,-0.131,-0.076,-0.031,-0.01,0.012,-0.064,-0.012,-0.009,-0.009,-0.012,-0.007,-0.009,-0.011,0.028,0.06,-0.01,-0.007
196,-1.069,-1.142,-1.249,-0.826,-0.197,-0.09,-0.291,-0.001,-0.001,-0.054,-0.021,-0.009,-0.009,-0.009,0,-0.009,-0.011,-0.001,-0.183,-0.01,-0.001
197,-1.381,-1.233,-1.29,-1.044,-0.608,-0.305,-0.443,0.064,-0.179,-0.237,0.014,0.046,-0.013,-0.005,-0.03,-0.013,0.023,-0.199,-0.33,-0.01,-0.036
198,-1.35,-1.136,-1.034,-1.093,-0.767,-0.433,-0.535,-0.162,-0.336,-0.316,-0.09,0.034,0.083,0.047,-0.085,0.047,-0.022,-0.47,-0.359,0.067,-0.089
199,-1.142,-1.262,-1.006,-1.002,-0.845,-0.671,-0.569,-0.398,-0.346,-0.419,-0.329,-0.282,-0.077,-0.28,-0.139,-0.089,-0.158,-0.425,-0.411,-0.056,-0.331
200,-1.085,-1.236,-0.934,-1.105,-0.629,-0.78,-0.784,-0.737,-0.489,-0.69,-0.565,-0.59,-0.369,-0.466,-0.41,-0.231,-0.234,-0.578,-0.384,-0.187,-0.635
201,-0.597,-1.21,-1.054,-1.067,-0.402,-0.726,-0.931,-0.972,-0.467,-0.727,-0.74,-0.882,-0.694,-0.647,-0.671,-0.543,-0.351,-0.628,-0.707,-0.294,-0.882
202,-0.491,-0.918,-0.825,-0.708,-0.343,-0.736,-0.803,-0.746,-0.463,-0.698,-0.536,-0.665,-0.678,-0.411,-0.787,-0.683,-0.356,-0.6,-0.79,-0.566,-0.793
203,-0.411,-0.461,-0.449,-0.241,-0.233,-0.495,-0.443,-0.386,-0.291,-0.42,-0.503,-0.179,-0.362,-0.149,-0.647,-0.542,-0.235,-0.396,-0.788,-0.568,-0.517
204,0.031,0.071,-0.012,0.295,0.102,-0.143,0.138,0.099,0.239,-0.025,-0.002,0.107,0.027,0.104,-0.015,-0.103,0.038,0.217,-0.436,-0.256,0.077
205,0.205,0.404,0.199,0.411,0.276,0.312,0.377,0.118,0.302,0.279,0.204,0.187,0.316,0.322,0.27,0.317,0.301,0.298,-0.103,0.055,0.378
206,0.458,0.335,0.127,0.368,0.403,0.324,0.461,0.089,0.515,0.377,0.277,-0.008,0.436,0.262,0.141,0.493,0.407,0.273,0.271,0.348,0.385
207,0.391,0.248,0.052,0.232,0.33,0.16,0.277,0.077,0.407,0.378,0.314,0.052,0.375,0.317,-0.011,0.416,0.386,0.281,0.404,0.316,0.252
208,0.139,0.068,-0.085,0.033,0.04,-0.096,-0.02,-0.003,0.216,0.108,0.044,0.011,0.054,0.11,-0.307,0.105,0.192,0.111,0.18,0.11,-0.042
209,0.084,0.088,-0.05,-0.122,-0.019,-0.135,0.007,0.048,0.111,0.008,0.119,0.036,-0.209,0.154,-0.205,0.044,0.143,0.142,0.144,0.042,0.011
210,-0.046,0.042,-0.102,-0.167,-0.049,-0.102,0.032,-0.178,0.002,0.016,0.008,-0.024,-0.257,0.103,-0.102,-0.041,0.057,-0.016,-0.033,-0.251,0.004
211,0.16,0.225,-0.075,0.025,0.17,-0.004,0.257,-0.001,0.074,0.195,0.156,0.026,0.048,0.233,0.077,0.131,0.231,0.105,0.063,-0.202,0.21
212,0.234,0.371,0.031,0.141,0.31,0.222,0.161,0.288,0.252,0.333,0.387,0.028,0.329,0.371,0.379,0.158,0.292,0.13,0.216,0.08,0.374
213,0.077,0.168,-0.087,0.021,0.133,0.122,-0.087,0.121,0.075,0.124,0.157,-0.158,0.094,0.182,0.065,-0.11,-0.136,-0.025,0.13,0.117,-0.074
214,-0.227,-0.087,-0.264,-0.24,-0.203,-0.107,-0.368,-0.174,-0.297,-0.148,-0.325,-0.349,-0.14,-0.21,-0.307,-0.512,-0.468,-0.104,-0.009,-0.074,-0.469
215,-0.604,-0.578,-0.606,-0.704,-0.784,-0.597,-0.812,-0.69,-0.645,-0.623,-1.004,-0.515,-0.681,-0.774,-0.858,-0.872,-0.952,-0.553,-0.46,-0.544,-0.82
216,-0.635,-0.749,-0.829,-0.927,-1.205,-0.888,-0.721,-0.843,-0.968,-0.985,-1.361,-0.675,-0.871,-1.043,-0.967,-1.046,-1.106,-1.006,-0.81,-0.914,-0.987
217,-1.254,-1.419,-1.479,-1.691,-1.879,-1.696,-1.623,-1.416,-1.598,-1.908,-1.843,-1.477,-1.781,-1.647,-1.538,-1.855,-1.883,-1.873,-1.582,-1.535,-1.369
218,-2.207,-2.358,-2.563,-2.828,-2.723,-2.594,-2.65,-2.448,-2.599,-2.825,-2.565,-2.482,-2.629,-2.528,-2.394,-2.696,-2.786,-2.684,-2.696,-2.468,-2.305
219,-2.743,-2.841,-3.039,-3.187,-3.103,-2.959,-3.138,-3.02,-3.039,-3.044,-2.837,-2.999,-2.855,-2.925,-2.813,-3.083,-2.929,-2.768,-3.115,-2.977,-2.738
220,-2.362,-2.467,-2.578,-2.658,-2.601,-2.468,-2.696,-2.628,-2.539,-2.443,-2.449,-2.456,-2.381,-2.436,-2.411,-2.424,-2.368,-2.192,-2.497,-2.47,-2.242
221,-1.378,-1.469,-1.506,-1.55,-1.646,-1.462,-1.508,-1.573,-1.533,-1.408,-1.529,-1.513,-1.347,-1.47,-1.422,-1.436,-1.374,-1.351,-1.447,-1.562,-1.492
222,-0.857,-0.858,-0.813,-0.837,-0.973,-0.983,-0.93,-0.996,-0.915,-0.929,-0.959,-0.926,-1.022,-0.912,-0.927,-0.998,-0.918,-0.922,-0.879,-0.94,-0.945
223,-0.865,-0.829,-0.859,-0.889,-0.894,-0.923,-0.909,-0.909,-0.903,-0.925,-0.913,-0.946,-0.93,-0.95,-0.914,-0.924,-0.944,-0.933,-0.964,-0.934,-0.9
224,-1.024,-1.02,-1.033,-1.025,-1.071,-1.089,-1.083,-1.068,-1.071,-1.093,-1.069,-1.101,-1.098,-1.081,-1.077,-1.092,-1.086,-1.07,-1.097,-1.1,-1.087
225,-1.013,-1.018,-1.041,-1.019,-1.08,-1.075,-1.101,-1.059,-1.074,-1.087,-1.084,-1.082,-1.1,-1.066,-1.077,-1.104,-1.086,-1.077,-1.098,-1.096,-1.078
226,-0.968,-0.964,-1.006,-1.004,-1.048,-1.026,-1.06,-1.016,-1.036,-1.046,-1.037,-1.042,-1.05,-1.028,-1.021,-1.074,-1.041,-1.046,-1.055,-1.043,-1.041
227,-0.871,-0.85,-0.913,-0.897,-0.943,-0.917,-0.946,-0.926,-0.93,-0.945,-0.942,-0.947,-0.963,-0.931,-0.92,-0.959,-0.934,-0.961,-0.962,-0.935,-0.942
228,-0.641,-0.621,-0.674,-0.678,-0.707,-0.703,-0.718,-0.702,-0.707,-0.71,-0.707,-0.705,-0.724,-0.727,-0.701,-0.731,-0.705,-0.729,-0.721,-0.687,-0.703
229,-0.284,-0.26,-0.303,-0.293,-0.337,-0.348,-0.322,-0.347,-0.354,-0.338,-0.334,-0.312,-0.341,-0.351,-0.327,-0.35,-0.333,-0.361,-0.34,-0.333,-0.355
230,0.145,0.173,0.142,0.165,0.112,0.091,0.104,0.073,0.088,0.103,0.119,0.121,0.107,0.094,0.093,0.09,0.094,0.075,0.083,0.093,0.092
231,0.546,0.581,0.562,0.546,0.522,0.486,0.482,0.471,0.48,0.484,0.524,0.507,0.508,0.496,0.497,0.493,0.492,0.477,0.475,0.485,0.5
232,0.829,0.86,0.858,0.805,0.809,0.764,0.762,0.744,0.762,0.755,0.777,0.769,0.775,0.782,0.778,0.767,0.769,0.749,0.761,0.754,0.773
233,1.055,1.076,1.08,1.016,1.018,0.969,0.951,0.958,0.964,0.977,0.957,0.968,0.956,0.965,0.975,0.948,0.97,0.953,0.962,0.964,0.964
234,1.238,1.218,1.215,1.139,1.111,1.072,1.065,1.057,1.062,1.071,1.038,1.058,1.036,1.054,1.072,1.041,1.067,1.041,1.057,1.055,1.044
235,1.344,1.279,1.219,1.152,1.089,1.054,1.035,1.025,1.028,1.033,1.012,1.008,0.999,1.009,1.02,1.001,1.019,0.996,1.012,1.019,1.008
236,1.372,1.246,1.141,1.034,0.959,0.93,0.903,0.889,0.888,0.884,0.876,0.871,0.866,0.862,0.873,0.875,0.875,0.866,0.867,0.874,0.871
237,1.309,1.126,0.987,0.854,0.784,0.74,0.727,0.694,0.694,0.681,0.676,0.671,0.68,0.671,0.678,0.678,0.676,0.676,0.68,0.671,0.671
238,1.222,1,0.833,0.702,0.624,0.572,0.554,0.526,0.524,0.511,0.503,0.501,0.506,0.502,0.506,0.503,0.502,0.506,0.506,0.501,0.499
239,1.15,0.893,0.723,0.581,0.505,0.449,0.428,0.398,0.395,0.385,0.377,0.372,0.377,0.373,0.377,0.374,0.374,0.375,0.374,0.373,0.371
240,1.09,0.815,0.639,0.496,0.413,0.357,0.333,0.304,0.299,0.291,0.282,0.278,0.28,0.277,0.279,0.279,0.279,0.278,0.28,0.276,0.277
241,1.062,0.767,0.582,0.433,0.348,0.289,0.265,0.235,0.23,0.221,0.213,0.209,0.21,0.209,0.209,0.21,0.209,0.209,0.21,0.207,0.207
242,1.046,0.732,0.54,0.389,0.301,0.241,0.216,0.188,0.181,0.172,0.165,0.161,0.161,0.161,0.16,0.162,0.16,0.159,0.16,0.159,0.158
243,1.03,0.705,0.507,0.356,0.266,0.207,0.182,0.154,0.147,0.137,0.131,0.127,0.127,0.128,0.127,0.128,0.126,0.125,0.127,0.125,0.123
244,1.009,0.681,0.484,0.332,0.243,0.183,0.159,0.132,0.124,0.114,0.109,0.104,0.104,0.104,0.104,0.103,0.103,0.101,0.103,0.1,0.1
245,0.987,0.663,0.466,0.314,0.227,0.166,0.142,0.115,0.107,0.097,0.093,0.087,0.087,0.088,0.087,0.086,0.086,0.084,0.085,0.083,0.082
246,0.969,0.647,0.45,0.298,0.212,0.15,0.126,0.099,0.092,0.082,0.077,0.071,0.071,0.072,0.071,0.07,0.07,0.068,0.069,0.067,0.066
247,0.958,0.633,0.436,0.286,0.2,0.139,0.113,0.087,0.08,0.07,0.065,0.059,0.059,0.059,0.059,0.059,0.057,0.056,0.057,0.055,0.055
248,0.942,0.618,0.422,0.275,0.19,0.13,0.104,0.078,0.071,0.061,0.056,0.051,0.051,0.05,0.051,0.051,0.048,0.047,0.049,0.047,0.047
249,0.921,0.602,0.411,0.265,0.182,0.123,0.098,0.073,0.066,0.057,0.051,0.046,0.045,0.044,0.046,0.045,0.044,0.041,0.045,0.041,0.043
250,0.89,0.586,0.4,0.255,0.175,0.117,0.093,0.069,0.063,0.053,0.048,0.043,0.042,0.042,0.043,0.042,0.041,0.038,0.041,0.038,0.039
251,0.863,0.567,0.388,0.246,0.167,0.11,0.088,0.063,0.058,0.048,0.043,0.038,0.037,0.038,0.038,0.037,0.037,0.034,0.036,0.033,0.035
252,0.839,0.549,0.374,0.237,0.158,0.103,0.081,0.057,0.053,0.042,0.037,0.033,0.033,0.032,0.033,0.033,0.032,0.03,0.031,0.029,0.029
253,0.809,0.529,0.36,0.227,0.151,0.098,0.076,0.053,0.048,0.038,0.033,0.03,0.029,0.028,0.029,0.03,0.028,0.025,0.027,0.026,0.026
254,0.78,0.508,0.345,0.218,0.144,0.095,0.073,0.051,0.046,0.036,0.031,0.028,0.027,0.026,0.028,0.028,0.026,0.023,0.025,0.024,0.025
255,0.743,0.487,0.33,0.21,0.138,0.091,0.07,0.05,0.044,0.035,0.031,0.027,0.026,0.026,0.027,0.027,0.025,0.023,0.024,0.023,0.024
256,0.709,0.466,0.315,0.201,0.132,0.086,0.067,0.046,0.041,0.033,0.03,0.026,0.024,0.025,0.027,0.025,0.022,0.022,0.023,0.021,0.022
257,0.678,0.445,0.3,0.191,0.125,0.08,0.063,0.043,0.039,0.031,0.027,0.024,0.023,0.024,0.024,0.023,0.021,0.02,0.021,0.02,0.02
258,0.645,0.423,0.284,0.18,0.118,0.075,0.06,0.041,0.036,0.029,0.025,0.022,0.021,0.021,0.022,0.021,0.02,0.018,0.019,0.018,0.017
259,0.613,0.399,0.268,0.169,0.11,0.069,0.055,0.037,0.033,0.026,0.022,0.019,0.018,0.017,0.018,0.019,0.018,0.016,0.017,0.016,0.015
260,0.579,0.374,0.251,0.158,0.103,0.063,0.05,0.033,0.03,0.023,0.019,0.016,0.015,0.014,0.015,0.017,0.015,0.013,0.015,0.013,0.013
261,0.545,0.35,0.236,0.148,0.097,0.059,0.047,0.031,0.028,0.021,0.017,0.015,0.014,0.013,0.015,0.016,0.014,0.012,0.014,0.012,0.012
262,0.511,0.328,0.221,0.139,0.091,0.056,0.044,0.029,0.027,0.019,0.017,0.014,0.014,0.013,0.015,0.015,0.014,0.011,0.013,0.012,0.012
263,0.475,0.306,0.206,0.13,0.085,0.053,0.043,0.028,0.026,0.02,0.018,0.015,0.015,0.015,0.015,0.015,0.014,0.012,0.013,0.012,0.012
264,0.441,0.285,0.192,0.122,0.079,0.05,0.042,0.027,0.026,0.021,0.018,0.015,0.015,0.015,0.016,0.015,0.014,0.012,0.014,0.013,0.012
265,0.406,0.263,0.178,0.115,0.074,0.047,0.041,0.026,0.026,0.02,0.017,0.014,0.015,0.015,0.016,0.015,0.013,0.012,0.014,0.012,0.012
266,0.373,0.242,0.165,0.106,0.069,0.044,0.039,0.024,0.024,0.02,0.017,0.014,0.015,0.015,0.016,0.015,0.014,0.012,0.013,0.012,0.012
267,0.341,0.22,0.15,0.096,0.063,0.041,0.035,0.021,0.022,0.017,0.016,0.013,0.013,0.013,0.014,0.014,0.014,0.011,0.012,0.011,0.011
268,0.311,0.2,0.136,0.086,0.057,0.036,0.031,0.018,0.019,0.015,0.014,0.011,0.011,0.011,0.012,0.013,0.013,0.009,0.011,0.009,0.009
269,0.283,0.182,0.124,0.08,0.052,0.033,0.029,0.018,0.018,0.015,0.013,0.011,0.011,0.01,0.012,0.013,0.012,0.008,0.011,0.009,0.009
270,0.255,0.165,0.112,0.074,0.048,0.031,0.029,0.018,0.018,0.015,0.013,0.012,0.012,0.012,0.012,0.014,0.012,0.009,0.011,0.01,0.01
271,0.23,0.151,0.103,0.068,0.044,0.029,0.028,0.017,0.018,0.015,0.013,0.012,0.012,0.013,0.013,0.014,0.012,0.01,0.011,0.01,0.01
272,0.207,0.137,0.094,0.063,0.042,0.027,0.027,0.016,0.018,0.015,0.013,0.011,0.012,0.013,0.014,0.013,0.013,0.01,0.011,0.009,0.01
273,0.185,0.123,0.086,0.058,0.039,0.025,0.026,0.015,0.018,0.014,0.013,0.01,0.011,0.013,0.014,0.012,0.014,0.01,0.011,0.009,0.009
274,0.164,0.109,0.077,0.052,0.035,0.023,0.023,0.015,0.018,0.013,0.013,0.01,0.012,0.012,0.013,0.012,0.014,0.01,0.011,0.009,0.01
275,0.143,0.095,0.067,0.047,0.032,0.021,0.021,0.014,0.018,0.012,0.012,0.01,0.012,0.012,0.013,0.013,0.013,0.01,0.012,0.009,0.01
276,0.125,0.084,0.059,0.042,0.029,0.018,0.021,0.014,0.016,0.012,0.013,0.01,0.011,0.012,0.013,0.012,0.013,0.01,0.012,0.009,0.01
277,0.11,0.074,0.052,0.039,0.027,0.017,0.021,0.013,0.016,0.012,0.012,0.01,0.011,0.012,0.014,0.012,0.013,0.01,0.012,0.009,0.01
278,0.097,0.065,0.046,0.036,0.024,0.018,0.02,0.013,0.015,0.012,0.012,0.011,0.012,0.013,0.014,0.012,0.014,0.01,0.012,0.009,0.01
279,0.085,0.057,0.04,0.031,0.021,0.016,0.018,0.011,0.014,0.011,0.011,0.01,0.011,0.012,0.013,0.011,0.012,0.009,0.011,0.008,0.009
280,0.072,0.05,0.036,0.027,0.018,0.013,0.016,0.009,0.014,0.01,0.009,0.009,0.01,0.011,0.012,0.01,0.01,0.008,0.009,0.007,0.007
281,0.062,0.044,0.032,0.025,0.016,0.011,0.015,0.009,0.013,0.01,0.008,0.008,0.008,0.01,0.011,0.01,0.01,0.007,0.009,0.007,0.007
282,0.053,0.039,0.029,0.024,0.016,0.01,0.014,0.008,0.013,0.009,0.009,0.008,0.008,0.009,0.012,0.01,0.009,0.007,0.009,0.008,0.008
283,0.048,0.036,0.027,0.024,0.016,0.011,0.015,0.009,0.014,0.011,0.011,0.009,0.01,0.01,0.012,0.01,0.01,0.008,0.009,0.009,0.009
284,0.042,0.032,0.025,0.023,0.015,0.011,0.015,0.009,0.014,0.012,0.011,0.01,0.01,0.011,0.013,0.012,0.011,0.009,0.011,0.01,0.009
285,0.036,0.028,0.022,0.02,0.013,0.009,0.015,0.009,0.013,0.011,0.01,0.009,0.01,0.011,0.013,0.012,0.012,0.009,0.01,0.009,0.009
286,0.03,0.024,0.018,0.018,0.011,0.008,0.014,0.008,0.012,0.01,0.009,0.009,0.01,0.01,0.012,0.011,0.011,0.008,0.01,0.008,0.008
287,0.026,0.021,0.016,0.016,0.011,0.008,0.013,0.008,0.012,0.009,0.009,0.009,0.01,0.011,0.012,0.01,0.011,0.007,0.009,0.008,0.009
288,0.023,0.018,0.014,0.016,0.011,0.008,0.013,0.008,0.011,0.009,0.01,0.009,0.01,0.011,0.012,0.011,0.012,0.008,0.009,0.008,0.009
289,0.02,0.017,0.014,0.015,0.011,0.009,0.014,0.009,0.013,0.011,0.011,0.009,0.01,0.011,0.013,0.012,0.013,0.009,0.011,0.009,0.01
290,0.017,0.015,0.014,0.014,0.01,0.008,0.014,0.008,0.013,0.01,0.01,0.008,0.01,0.01,0.013,0.011,0.012,0.009,0.01,0.009,0.009
291,0.013,0.013,0.011,0.013,0.009,0.007,0.012,0.007,0.012,0.009,0.009,0.007,0.01,0.01,0.012,0.01,0.011,0.008,0.009,0.007,0.008
292,0.013,0.013,0.01,0.013,0.008,0.007,0.013,0.008,0.012,0.009,0.009,0.008,0.011,0.011,0.012,0.009,0.012,0.008,0.009,0.007,0.008
293,0.011,0.012,0.009,0.013,0.008,0.007,0.013,0.008,0.011,0.009,0.009,0.008,0.01,0.011,0.012,0.009,0.013,0.008,0.01,0.007,0.008
294,0.009,0.01,0.009,0.012,0.008,0.007,0.013,0.007,0.011,0.009,0.009,0.008,0.009,0.01,0.012,0.009,0.012,0.008,0.01,0.008,0.009
295,0.007,0.009,0.009,0.011,0.008,0.007,0.012,0.006,0.011,0.008,0.008,0.008,0.009,0.009,0.012,0.008,0.011,0.007,0.009,0.007,0.008
296,0.005,0.007,0.008,0.01,0.007,0.005,0.01,0.005,0.01,0.007,0.007,0.007,0.008,0.008,0.011,0.008,0.01,0.006,0.008,0.007,0.006
297,0.004,0.006,0.006,0.01,0.006,0.005,0.01,0.005,0.01,0.007,0.006,0.006,0.007,0.008,0.01,0.007,0.009,0.006,0.008,0.006,0.006
298,0.003,0.006,0.006,0.009,0.006,0.006,0.01,0.005,0.01,0.007,0.007,0.006,0.008,0.008,0.01,0.008,0.009,0.007,0.008,0.006,0.006
299,0.004,0.007,0.007,0.01,0.007,0.006,0.011,0.007,0.011,0.009,0.009,0.007,0.009,0.009,0.011,0.01,0.01,0.008,0.01,0.008,0.008
300,0.006,0.008,0.008,0.012,0.008,0.006,0.013,0.009,0.011,0.011,0.01,0.009,0.01,0.009,0.013,0.011,0.011,0.009,0.01,0.009,0.009
301,0.006,0.008,0.009,0.013,0.009,0.007,0.012,0.01,0.012,0.012,0.011,0.01,0.01,0.01,0.013,0.012,0.013,0.01,0.011,0.01,0.01
302,0.005,0.008,0.008,0.011,0.008,0.007,0.013,0.009,0.012,0.011,0.01,0.009,0.01,0.01,0.012,0.011,0.012,0.009,0.01,0.009,0.009
303,0.005,0.008,0.007,0.011,0.008,0.007,0.013,0.009,0.012,0.01,0.01,0.008,0.01,0.01,0.012,0.011,0.012,0.009,0.01,0.009,0.008
304,0.006,0.008,0.008,0.011,0.009,0.008,0.014,0.009,0.014,0.01,0.011,0.009,0.011,0.01,0.013,0.011,0.012,0.01,0.011,0.009,0.009
305,0.006,0.008,0.008,0.011,0.009,0.007,0.013,0.009,0.013,0.01,0.011,0.01,0.01,0.011,0.013,0.011,0.012,0.01,0.011,0.009,0.008
306,0.005,0.008,0.009,0.012,0.009,0.007,0.013,0.01,0.013,0.01,0.011,0.01,0.011,0.011,0.013,0.012,0.012,0.01,0.012,0.009,0.009
307,0.005,0.008,0.009,0.011,0.009,0.007,0.014,0.01,0.013,0.01,0.011,0.009,0.011,0.011,0.012,0.013,0.012,0.01,0.011,0.01,0.009
308,0.004,0.007,0.008,0.01,0.008,0.005,0.013,0.009,0.012,0.01,0.01,0.008,0.01,0.01,0.011,0.011,0.011,0.009,0.01,0.009,0.009
309,0.004,0.007,0.007,0.011,0.008,0.006,0.012,0.008,0.012,0.01,0.01,0.008,0.01,0.009,0.011,0.011,0.011,0.008,0.01,0.009,0.009
310,0.003,0.006,0.006,0.009,0.007,0.005,0.01,0.006,0.011,0.008,0.008,0.007,0.008,0.008,0.011,0.009,0.009,0.006,0.008,0.007,0.007
311,0.002,0.005,0.005,0.009,0.006,0.005,0.009,0.006,0.01,0.008,0.008,0.007,0.008,0.008,0.011,0.008,0.008,0.005,0.008,0.006,0.007
312,0.002,0.005,0.005,0.008,0.006,0.004,0.009,0.006,0.011,0.008,0.008,0.006,0.007,0.007,0.011,0.008,0.008,0.005,0.008,0.006,0.007
313,0.003,0.006,0.007,0.008,0.007,0.005,0.01,0.007,0.011,0.009,0.009,0.008,0.009,0.009,0.011,0.009,0.009,0.007,0.009,0.007,0.007
314,0.004,0.006,0.008,0.011,0.008,0.005,0.012,0.008,0.011,0.009,0.01,0.008,0.01,0.01,0.011,0.01,0.011,0.007,0.009,0.008,0.008
315,0.004,0.006,0.008,0.011,0.008,0.005,0.011,0.008,0.011,0.01,0.01,0.008,0.01,0.01,0.012,0.01,0.011,0.008,0.009,0.008,0.008
316,0.004,0.006,0.007,0.011,0.008,0.006,0.012,0.009,0.011,0.01,0.01,0.009,0.01,0.01,0.012,0.01,0.01,0.008,0.009,0.008,0.009
317,0.004,0.005,0.007,0.01,0.008,0.005,0.012,0.008,0.011,0.009,0.01,0.009,0.009,0.008,0.011,0.009,0.009,0.007,0.009,0.008,0.008
318,0.004,0.005,0.007,0.009,0.008,0.005,0.012,0.008,0.011,0.009,0.01,0.009,0.009,0.008,0.011,0.01,0.01,0.007,0.01,0.007,0.008
319,0.004,0.006,0.007,0.009,0.008,0.004,0.011,0.007,0.012,0.009,0.009,0.009,0.009,0.009,0.011,0.01,0.01,0.007,0.01,0.008,0.009
320,0.004,0.007,0.007,0.01,0.009,0.005,0.01,0.006,0.013,0.01,0.009,0.009,0.01,0.009,0.011,0.01,0.011,0.008,0.01,0.008,0.009
321,0.004,0.006,0.007,0.01,0.009,0.006,0.011,0.007,0.013,0.009,0.009,0.008,0.011,0.01,0.011,0.01,0.012,0.009,0.009,0.008,0.01
322,0.005,0.007,0.009,0.011,0.009,0.007,0.012,0.007,0.012,0.01,0.01,0.009,0.011,0.01,0.012,0.011,0.013,0.01,0.01,0.009,0.01
323,0.005,0.006,0.008,0.011,0.008,0.007,0.012,0.008,0.012,0.009,0.009,0.008,0.01,0.01,0.012,0.01,0.012,0.009,0.01,0.008,0.008
324,0.003,0.005,0.006,0.01,0.006,0.005,0.011,0.007,0.01,0.009,0.008,0.008,0.008,0.009,0.011,0.009,0.01,0.007,0.009,0.007,0.007
325,0.002,0.005,0.005,0.008,0.006,0.005,0.01,0.006,0.01,0.008,0.008,0.007,0.008,0.008,0.01,0.008,0.009,0.005,0.008,0.006,0.006
326,0.002,0.005,0.005,0.008,0.007,0.005,0.01,0.006,0.01,0.008,0.008,0.006,0.008,0.007,0.01,0.009,0.01,0.005,0.008,0.006,0.007
327,0.003,0.006,0.007,0.01,0.008,0.006,0.011,0.007,0.012,0.009,0.009,0.007,0.01,0.009,0.012,0.01,0.011,0.007,0.009,0.007,0.008
328,0.003,0.006,0.007,0.01,0.008,0.006,0.011,0.008,0.013,0.009,0.009,0.007,0.01,0.009,0.013,0.01,0.011,0.008,0.01,0.008,0.009
329,0.003,0.006,0.007,0.009,0.008,0.005,0.011,0.008,0.013,0.009,0.009,0.008,0.01,0.009,0.012,0.009,0.011,0.009,0.009,0.009,0.009
330,0.003,0.006,0.007,0.009,0.008,0.005,0.011,0.008,0.013,0.009,0.009,0.008,0.01,0.01,0.011,0.009,0.011,0.007,0.009,0.009,0.009
331,0.004,0.007,0.008,0.01,0.008,0.006,0.012,0.009,0.013,0.01,0.009,0.009,0.01,0.01,0.012,0.01,0.012,0.007,0.01,0.008,0.009
332,0.003,0.007,0.008,0.011,0.008,0.007,0.011,0.009,0.013,0.01,0.009,0.009,0.009,0.01,0.012,0.01,0.01,0.008,0.01,0.008,0.008
333,0.003,0.005,0.007,0.01,0.008,0.007,0.01,0.008,0.012,0.009,0.008,0.008,0.008,0.008,0.011,0.009,0.009,0.007,0.01,0.007,0.007
334,0.001,0.004,0.005,0.008,0.006,0.005,0.008,0.007,0.011,0.008,0.008,0.007,0.007,0.007,0.01,0.007,0.008,0.007,0.009,0.007,0.006
335,0.001,0.004,0.005,0.008,0.006,0.004,0.008,0.006,0.011,0.008,0.008,0.007,0.007,0.007,0.011,0.007,0.009,0.007,0.009,0.007,0.006
336,0.001,0.004,0.005,0.007,0.006,0.003,0.009,0.007,0.01,0.007,0.008,0.007,0.007,0.007,0.011,0.008,0.01,0.007,0.009,0.007,0.006
337,0.002,0.004,0.006,0.008,0.006,0.004,0.011,0.007,0.011,0.008,0.009,0.008,0.008,0.009,0.012,0.009,0.01,0.008,0.009,0.006,0.007
338,0.003,0.006,0.006,0.009,0.008,0.005,0.012,0.008,0.012,0.009,0.01,0.009,0.01,0.01,0.012,0.01,0.011,0.009,0.009,0.007,0.008
339,0.003,0.007,0.006,0.01,0.008,0.006,0.012,0.009,0.013,0.008,0.011,0.009,0.01,0.01,0.012,0.009,0.011,0.009,0.01,0.008,0.009
340,0.004,0.006,0.006,0.011,0.009,0.008,0.012,0.01,0.014,0.009,0.012,0.01,0.011,0.011,0.013,0.009,0.012,0.01,0.01,0.01,0.01
341,0.004,0.005,0.006,0.011,0.008,0.008,0.012,0.009,0.013,0.009,0.011,0.009,0.011,0.01,0.012,0.01,0.012,0.009,0.01,0.009,0.01
342,0.005,0.005,0.007,0.011,0.008,0.008,0.012,0.009,0.013,0.01,0.011,0.01,0.012,0.01,0.012,0.009,0.012,0.01,0.011,0.009,0.01
343,0.005,0.006,0.008,0.01,0.007,0.007,0.012,0.008,0.012,0.011,0.011,0.01,0.011,0.01,0.012,0.009,0.012,0.009,0.01,0.009,0.009
344,0.003,0.006,0.007,0.009,0.006,0.005,0.01,0.006,0.011,0.009,0.009,0.009,0.009,0.009,0.011,0.008,0.011,0.007,0.009,0.007,0.008
345,0.002,0.005,0.006,0.008,0.005,0.005,0.009,0.006,0.01,0.009,0.008,0.007,0.008,0.007,0.011,0.007,0.01,0.007,0.009,0.006,0.008
346,0.001,0.004,0.005,0.007,0.007,0.004,0.009,0.006,0.01,0.008,0.008,0.006,0.008,0.007,0.01,0.008,0.009,0.006,0.008,0.006,0.007
347,0.002,0.004,0.006,0.008,0.008,0.005,0.01,0.006,0.011,0.008,0.009,0.007,0.009,0.007,0.01,0.009,0.009,0.006,0.009,0.007,0.008
348,0.003,0.004,0.007,0.009,0.008,0.005,0.01,0.007,0.012,0.009,0.009,0.008,0.01,0.008,0.011,0.01,0.009,0.006,0.01,0.008,0.008
349,0.003,0.004,0.008,0.01,0.008,0.005,0.01,0.007,0.013,0.009,0.01,0.008,0.009,0.007,0.011,0.009,0.01,0.007,0.01,0.008,0.008
350,0.002,0.005,0.007,0.01,0.007,0.004,0.01,0.007,0.013,0.009,0.009,0.007,0.009,0.007,0.01,0.01,0.01,0.007,0.01,0.008,0.008
351,0.002,0.005,0.007,0.009,0.008,0.004,0.01,0.008,0.013,0.008,0.009,0.007,0.009,0.008,0.009,0.009,0.01,0.008,0.01,0.008,0.008
352,0.003,0.007,0.007,0.01,0.008,0.006,0.012,0.009,0.013,0.009,0.01,0.009,0.009,0.01,0.011,0.01,0.011,0.009,0.01,0.009,0.009
353,0.004,0.006,0.006,0.011,0.008,0.007,0.012,0.009,0.013,0.009,0.01,0.009,0.01,0.01,0.012,0.01,0.01,0.008,0.01,0.009,0.009
354,0.004,0.005,0.006,0.009,0.007,0.007,0.011,0.008,0.012,0.008,0.009,0.008,0.009,0.009,0.012,0.009,0.009,0.007,0.009,0.009,0.008
355,0.003,0.005,0.005,0.008,0.006,0.005,0.009,0.006,0.011,0.008,0.008,0.007,0.008,0.007,0.011,0.008,0.008,0.006,0.008,0.008,0.007
356,0.002,0.004,0.004,0.007,0.005,0.004,0.009,0.006,0.01,0.007,0.007,0.006,0.008,0.007,0.01,0.007,0.008,0.005,0.008,0.007,0.006
357,0.001,0.004,0.004,0.007,0.005,0.004,0.008,0.006,0.01,0.006,0.006,0.005,0.007,0.006,0.009,0.007,0.009,0.005,0.007,0.006,0.006
358,0.001,0.003,0.004,0.007,0.004,0.003,0.008,0.005,0.009,0.006,0.005,0.004,0.006,0.006,0.009,0.006,0.008,0.005,0.006,0.005,0.006
359,0.001,0.003,0.004,0.008,0.005,0.004,0.008,0.005,0.01,0.007,0.006,0.005,0.007,0.006,0.009,0.006,0.008,0.005,0.007,0.006,0.006
360,0.001,0.003,0.005,0.008,0.005,0.004,0.009,0.005,0.01,0.008,0.006,0.005,0.007,0.006,0.009,0.006,0.008,0.005,0.007,0.006,0.007
361,0.001,0.003,0.005,0.009,0.006,0.004,0.01,0.005,0.01,0.007,0.007,0.006,0.008,0.007,0.009,0.007,0.008,0.006,0.007,0.006,0.007
362,0,0.003,0.004,0.007,0.005,0.004,0.009,0.004,0.009,0.006,0.006,0.004,0.007,0.006,0.008,0.006,0.007,0.005,0.007,0.005,0.006
363,0.001,0.003,0.004,0.008,0.005,0.004,0.009,0.005,0.01,0.006,0.007,0.004,0.008,0.006,0.009,0.007,0.008,0.006,0.007,0.006,0.007
364,0.002,0.005,0.005,0.009,0.006,0.005,0.009,0.007,0.012,0.008,0.008,0.006,0.009,0.007,0.011,0.008,0.009,0.008,0.008,0.007,0.009
365,0.002,0.004,0.005,0.008,0.005,0.005,0.009,0.007,0.012,0.008,0.008,0.006,0.008,0.007,0.01,0.008,0.009,0.007,0.008,0.007,0.008
366,0.002,0.004,0.005,0.008,0.005,0.005,0.009,0.006,0.011,0.008,0.007,0.006,0.007,0.008,0.009,0.008,0.009,0.006,0.008,0.008,0.007
367,0.003,0.005,0.004,0.008,0.005,0.005,0.009,0.006,0.011,0.008,0.007,0.006,0.007,0.008,0.009,0.007,0.009,0.005,0.008,0.006,0.006
368,0.003,0.005,0.005,0.008,0.005,0.005,0.008,0.006,0.01,0.008,0.007,0.007,0.007,0.008,0.01,0.008,0.009,0.005,0.008,0.006,0.006
369,0.003,0.006,0.006,0.008,0.006,0.005,0.009,0.007,0.012,0.008,0.008,0.007,0.008,0.008,0.011,0.009,0.01,0.006,0.008,0.007,0.008
370,0.005,0.005,0.007,0.008,0.007,0.006,0.009,0.008,0.012,0.008,0.009,0.008,0.008,0.008,0.012,0.009,0.01,0.007,0.009,0.008,0.009
371,0.004,0.005,0.006,0.008,0.007,0.005,0.01,0.009,0.012,0.009,0.01,0.009,0.008,0.008,0.011,0.01,0.01,0.008,0.008,0.008,0.009
372,0.003,0.005,0.006,0.008,0.008,0.005,0.011,0.008,0.012,0.009,0.01,0.009,0.008,0.008,0.011,0.009,0.01,0.008,0.009,0.009,0.009
373,0.002,0.005,0.005,0.007,0.006,0.004,0.01,0.006,0.012,0.009,0.009,0.008,0.008,0.007,0.011,0.009,0.008,0.007,0.009,0.008,0.008
374,0.002,0.005,0.005,0.006,0.006,0.005,0.009,0.006,0.011,0.007,0.008,0.008,0.007,0.006,0.01,0.008,0.008,0.006,0.009,0.007,0.008
375,0.002,0.005,0.005,0.007,0.007,0.005,0.009,0.007,0.011,0.007,0.008,0.008,0.008,0.007,0.011,0.008,0.008,0.007,0.009,0.007,0.008
376,0.003,0.005,0.004,0.007,0.006,0.005,0.01,0.007,0.011,0.007,0.008,0.007,0.008,0.007,0.01,0.008,0.009,0.007,0.008,0.007,0.007
377,0.003,0.004,0.004,0.007,0.005,0.004,0.009,0.007,0.01,0.007,0.008,0.006,0.009,0.008,0.01,0.007,0.009,0.006,0.008,0.006,0.006
378,0.002,0.004,0.004,0.007,0.004,0.004,0.008,0.005,0.01,0.007,0.007,0.006,0.008,0.007,0.009,0.007,0.009,0.005,0.007,0.006,0.007
379,0.002,0.002,0.004,0.007,0.004,0.004,0.008,0.004,0.01,0.006,0.006,0.006,0.006,0.006,0.009,0.006,0.008,0.004,0.007,0.006,0.008
380,0.002,0.003,0.005,0.008,0.005,0.005,0.008,0.005,0.01,0.007,0.006,0.006,0.006,0.007,0.011,0.007,0.008,0.005,0.008,0.006,0.008
381,0.002,0.003,0.006,0.009,0.006,0.006,0.009,0.007,0.011,0.008,0.007,0.006,0.007,0.007,0.011,0.008,0.009,0.007,0.009,0.007,0.008
382,0.002,0.003,0.006,0.009,0.007,0.007,0.009,0.008,0.011,0.008,0.008,0.006,0.008,0.008,0.01,0.008,0.009,0.006,0.009,0.007,0.008
383,0.002,0.004,0.006,0.009,0.007,0.006,0.009,0.008,0.011,0.009,0.009,0.007,0.008,0.007,0.01,0.008,0.009,0.007,0.008,0.007,0.008
384,0.002,0.005,0.005,0.009,0.007,0.006,0.01,0.007,0.011,0.008,0.009,0.006,0.008,0.007,0.009,0.007,0.009,0.006,0.008,0.007,0.008
385,0.002,0.005,0.004,0.008,0.005,0.004,0.008,0.006,0.01,0.007,0.008,0.005,0.007,0.007,0.009,0.006,0.008,0.006,0.007,0.006,0.007
386,0.002,0.005,0.004,0.008,0.004,0.003,0.007,0.006,0.01,0.005,0.007,0.005,0.008,0.006,0.009,0.006,0.008,0.005,0.007,0.006,0.006
387,0.002,0.004,0.005,0.008,0.005,0.003,0.008,0.006,0.011,0.005,0.007,0.006,0.007,0.007,0.009,0.007,0.008,0.006,0.007,0.005,0.006
388,0.002,0.004,0.005,0.007,0.006,0.004,0.009,0.006,0.01,0.007,0.008,0.006,0.008,0.007,0.009,0.007,0.009,0.006,0.008,0.006,0.007
389,0.001,0.003,0.005,0.006,0.006,0.004,0.009,0.005,0.009,0.007,0.008,0.006,0.007,0.006,0.009,0.006,0.008,0.006,0.007,0.005,0.007
390,0.001,0.003,0.004,0.006,0.006,0.004,0.008,0.005,0.009,0.007,0.008,0.006,0.007,0.006,0.01,0.006,0.009,0.006,0.008,0.005,0.007
391,0.001,0.003,0.004,0.007,0.006,0.005,0.008,0.005,0.009,0.007,0.006,0.006,0.007,0.006,0.01,0.007,0.008,0.006,0.008,0.005,0.007
392,0.002,0.004,0.005,0.008,0.006,0.005,0.009,0.005,0.01,0.007,0.007,0.006,0.007,0.007,0.01,0.007,0.008,0.006,0.008,0.006,0.007
393,0.001,0.005,0.005,0.008,0.007,0.004,0.009,0.006,0.011,0.008,0.007,0.006,0.007,0.007,0.01,0.007,0.008,0.006,0.008,0.006,0.007
394,0,0.005,0.005,0.007,0.006,0.003,0.009,0.006,0.011,0.007,0.007,0.007,0.007,0.006,0.01,0.008,0.008,0.005,0.008,0.006,0.007
395,0.001,0.004,0.004,0.007,0.005,0.003,0.008,0.005,0.011,0.007,0.006,0.006,0.007,0.005,0.009,0.008,0.008,0.005,0.008,0.005,0.007
396,0.002,0.003,0.005,0.008,0.005,0.004,0.008,0.006,0.011,0.007,0.006,0.006,0.007,0.006,0.009,0.008,0.008,0.005,0.008,0.005,0.007
397,0.004,0.004,0.005,0.008,0.006,0.005,0.009,0.007,0.012,0.007,0.007,0.007,0.008,0.008,0.01,0.008,0.01,0.006,0.009,0.006,0.008
398,0.004,0.004,0.005,0.008,0.006,0.005,0.009,0.007,0.01,0.007,0.008,0.007,0.007,0.008,0.011,0.008,0.01,0.006,0.008,0.006,0.008
399,0.002,0.004,0.004,0.007,0.005,0.004,0.008,0.006,0.01,0.005,0.007,0.007,0.007,0.007,0.009,0.007,0.01,0.005,0.008,0.006,0.008
400,0.001,0.002,0.003,0.006,0.005,0.003,0.007,0.005,0.009,0.005,0.006,0.006,0.006,0.005,0.008,0.006,0.008,0.004,0.007,0.004,0.006
401,0.002,0.003,0.004,0.006,0.005,0.003,0.007,0.006,0.01,0.006,0.006,0.005,0.007,0.005,0.008,0.007,0.008,0.004,0.007,0.005,0.006
402,0.002,0.004,0.004,0.007,0.005,0.003,0.008,0.005,0.01,0.007,0.007,0.005,0.008,0.006,0.009,0.008,0.008,0.006,0.007,0.006,0.007
403,0.002,0.004,0.004,0.007,0.005,0.004,0.008,0.005,0.01,0.008,0.008,0.006,0.008,0.006,0.01,0.008,0.008,0.006,0.007,0.008,0.008
404,0.001,0.004,0.004,0.008,0.005,0.004,0.008,0.006,0.01,0.007,0.008,0.007,0.007,0.006,0.011,0.007,0.007,0.006,0.008,0.008,0.008
405,0.002,0.005,0.004,0.007,0.006,0.005,0.008,0.006,0.01,0.008,0.008,0.007,0.007,0.007,0.011,0.007,0.008,0.006,0.008,0.007,0.008
406,0.002,0.004,0.003,0.006,0.006,0.005,0.008,0.006,0.009,0.007,0.007,0.006,0.006,0.007,0.009,0.007,0.008,0.006,0.007,0.005,0.007
407,0.001,0.004,0.003,0.007,0.006,0.005,0.009,0.007,0.01,0.007,0.006,0.005,0.006,0.007,0.008,0.007,0.008,0.006,0.006,0.005,0.005
408,0.002,0.003,0.003,0.008,0.006,0.005,0.009,0.007,0.01,0.007,0.007,0.006,0.007,0.007,0.009,0.008,0.009,0.006,0.007,0.006,0.006
409,0.003,0.004,0.004,0.008,0.006,0.004,0.009,0.007,0.01,0.007,0.007,0.007,0.008,0.008,0.011,0.008,0.009,0.007,0.008,0.007,0.007
410,0.004,0.005,0.004,0.008,0.006,0.005,0.01,0.006,0.011,0.007,0.008,0.007,0.009,0.009,0.011,0.008,0.01,0.008,0.009,0.007,0.007
411,0.004,0.005,0.004,0.007,0.006,0.005,0.009,0.005,0.01,0.007,0.007,0.007,0.008,0.008,0.011,0.007,0.01,0.007,0.008,0.006,0.007
412,0.003,0.005,0.004,0.008,0.006,0.005,0.009,0.006,0.012,0.007,0.007,0.006,0.008,0.008,0.01,0.007,0.01,0.007,0.007,0.005,0.007
413,0.002,0.004,0.005,0.007,0.006,0.004,0.008,0.006,0.011,0.007,0.007,0.006,0.008,0.007,0.009,0.007,0.01,0.006,0.008,0.005,0.008
414,0.001,0.003,0.004,0.006,0.005,0.003,0.007,0.006,0.011,0.007,0.007,0.005,0.008,0.006,0.008,0.008,0.008,0.005,0.007,0.005,0.007
415,0.002,0.004,0.005,0.007,0.006,0.004,0.008,0.006,0.012,0.008,0.008,0.006,0.008,0.006,0.01,0.008,0.009,0.006,0.008,0.007,0.008
416,0.003,0.005,0.005,0.008,0.006,0.005,0.009,0.006,0.011,0.008,0.009,0.006,0.008,0.006,0.011,0.008,0.009,0.007,0.009,0.008,0.009
417,0.004,0.006,0.005,0.008,0.006,0.006,0.011,0.007,0.011,0.007,0.009,0.006,0.008,0.008,0.011,0.008,0.01,0.007,0.009,0.008,0.008
418,0.004,0.004,0.004,0.007,0.006,0.006,0.01,0.006,0.011,0.006,0.007,0.006,0.008,0.008,0.009,0.007,0.009,0.006,0.008,0.007,0.007
419,0.003,0.003,0.003,0.006,0.004,0.004,0.008,0.005,0.01,0.006,0.006,0.005,0.008,0.006,0.008,0.006,0.008,0.005,0.007,0.006,0.007
420,0.002,0.002,0.003,0.007,0.004,0.004,0.008,0.005,0.01,0.006,0.007,0.005,0.008,0.006,0.009,0.006,0.008,0.005,0.007,0.005,0.008
421,0.001,0.002,0.003,0.006,0.003,0.004,0.007,0.004,0.009,0.005,0.007,0.005,0.007,0.005,0.008,0.006,0.007,0.004,0.007,0.004,0.007
422,0,0.002,0.003,0.006,0.003,0.003,0.007,0.004,0.009,0.005,0.006,0.004,0.006,0.005,0.008,0.006,0.006,0.004,0.007,0.005,0.007
423,0.001,0.002,0.003,0.006,0.003,0.003,0.006,0.005,0.009,0.005,0.006,0.004,0.006,0.005,0.008,0.005,0.006,0.004,0.007,0.005,0.006
424,0.001,0.002,0.003,0.005,0.004,0.003,0.006,0.005,0.009,0.004,0.006,0.004,0.006,0.004,0.008,0.005,0.006,0.004,0.006,0.005,0.006
425,0,0.001,0.003,0.005,0.004,0.004,0.006,0.005,0.01,0.004,0.006,0.004,0.007,0.004,0.008,0.006,0.006,0.004,0.006,0.005,0.006
426,0,0.002,0.003,0.006,0.005,0.004,0.007,0.005,0.01,0.006,0.006,0.004,0.007,0.005,0.008,0.007,0.007,0.005,0.007,0.006,0.006
427,0.001,0.002,0.004,0.007,0.005,0.004,0.008,0.007,0.01,0.007,0.007,0.006,0.008,0.006,0.01,0.008,0.008,0.006,0.008,0.007,0.007
428,0.002,0.003,0.005,0.007,0.005,0.005,0.009,0.007,0.011,0.008,0.007,0.006,0.008,0.007,0.01,0.008,0.009,0.006,0.008,0.007,0.008
429,0.003,0.004,0.005,0.008,0.006,0.005,0.009,0.007,0.011,0.008,0.008,0.006,0.008,0.007,0.01,0.008,0.009,0.007,0.009,0.007,0.008
430,0.003,0.005,0.005,0.008,0.006,0.006,0.009,0.005,0.011,0.007,0.008,0.006,0.008,0.007,0.01,0.008,0.01,0.006,0.009,0.006,0.008
431,0.003,0.006,0.005,0.008,0.007,0.006,0.009,0.005,0.012,0.008,0.009,0.006,0.009,0.008,0.011,0.008,0.01,0.007,0.009,0.006,0.009
432,0.003,0.005,0.006,0.007,0.006,0.005,0.009,0.005,0.011,0.007,0.009,0.007,0.009,0.008,0.01,0.008,0.01,0.006,0.008,0.005,0.008
433,0.003,0.004,0.005,0.006,0.006,0.004,0.007,0.006,0.011,0.007,0.008,0.006,0.009,0.006,0.009,0.007,0.008,0.005,0.007,0.005,0.007
434,0.001,0.004,0.005,0.006,0.005,0.003,0.007,0.007,0.01,0.007,0.007,0.006,0.008,0.004,0.009,0.006,0.006,0.004,0.006,0.005,0.006
435,0.002,0.004,0.004,0.006,0.005,0.004,0.008,0.007,0.01,0.007,0.008,0.006,0.008,0.005,0.009,0.007,0.007,0.004,0.007,0.006,0.008
436,0.004,0.006,0.004,0.008,0.006,0.006,0.01,0.008,0.011,0.008,0.009,0.008,0.01,0.008,0.011,0.009,0.009,0.006,0.009,0.008,0.009
437,0.003,0.005,0.004,0.007,0.006,0.006,0.009,0.007,0.01,0.008,0.009,0.007,0.009,0.008,0.01,0.009,0.01,0.006,0.009,0.009,0.009
438,0.002,0.003,0.004,0.006,0.005,0.005,0.008,0.006,0.01,0.007,0.008,0.006,0.007,0.006,0.01,0.008,0.009,0.005,0.008,0.008,0.008
439,0.002,0.003,0.005,0.006,0.005,0.004,0.008,0.006,0.01,0.006,0.007,0.005,0.008,0.005,0.009,0.007,0.008,0.005,0.007,0.007,0.008
440,0.003,0.003,0.004,0.007,0.005,0.004,0.008,0.006,0.009,0.006,0.008,0.006,0.008,0.006,0.009,0.007,0.008,0.006,0.007,0.007,0.008
441,0.004,0.004,0.005,0.009,0.005,0.006,0.009,0.007,0.01,0.006,0.007,0.007,0.009,0.008,0.009,0.007,0.009,0.007,0.007,0.006,0.009
442,0.004,0.003,0.005,0.008,0.005,0.006,0.009,0.006,0.01,0.006,0.007,0.006,0.009,0.008,0.009,0.007,0.01,0.006,0.008,0.006,0.008
443,0.003,0.002,0.004,0.007,0.005,0.006,0.009,0.005,0.01,0.007,0.006,0.006,0.009,0.008,0.01,0.008,0.009,0.006,0.008,0.006,0.008
444,0.002,0.003,0.004,0.007,0.005,0.005,0.007,0.005,0.01,0.007,0.006,0.006,0.008,0.007,0.01,0.007,0.007,0.005,0.007,0.006,0.007
445,0.002,0.002,0.003,0.006,0.004,0.004,0.007,0.005,0.009,0.005,0.006,0.005,0.008,0.007,0.009,0.006,0.006,0.004,0.006,0.005,0.006
446,0.002,0.003,0.003,0.006,0.004,0.004,0.007,0.005,0.009,0.005,0.006,0.005,0.007,0.007,0.008,0.006,0.007,0.004,0.006,0.004,0.006
447,0.002,0.002,0.003,0.006,0.005,0.004,0.008,0.004,0.008,0.005,0.005,0.005,0.007,0.006,0.008,0.006,0.007,0.004,0.008,0.005,0.006
448,0.003,0.004,0.003,0.007,0.006,0.005,0.008,0.006,0.01,0.006,0.006,0.006,0.006,0.006,0.009,0.008,0.008,0.005,0.009,0.007,0.007
449,0.003,0.004,0.003,0.006,0.005,0.005,0.008,0.005,0.01,0.005,0.007,0.005,0.006,0.006,0.008,0.007,0.009,0.004,0.007,0.007,0.007
450,0.004,0.005,0.004,0.007,0.005,0.005,0.009,0.007,0.011,0.006,0.008,0.006,0.007,0.008,0.009,0.007,0.01,0.006,0.007,0.008,0.009
451,0.003,0.003,0.004,0.007,0.005,0.005,0.009,0.006,0.011,0.006,0.007,0.006,0.008,0.008,0.008,0.006,0.009,0.007,0.007,0.007,0.008
452,0.003,0.003,0.005,0.008,0.006,0.006,0.009,0.005,0.011,0.006,0.007,0.007,0.008,0.007,0.009,0.007,0.008,0.007,0.008,0.007,0.008
453,0.003,0.003,0.005,0.008,0.007,0.006,0.008,0.005,0.011,0.006,0.007,0.007,0.008,0.006,0.01,0.008,0.008,0.007,0.008,0.007,0.008
454,0.003,0.003,0.004,0.007,0.006,0.006,0.008,0.005,0.011,0.007,0.008,0.006,0.007,0.006,0.009,0.008,0.009,0.006,0.007,0.006,0.009
455,0.003,0.004,0.003,0.007,0.007,0.005,0.008,0.006,0.012,0.007,0.009,0.008,0.009,0.007,0.01,0.008,0.01,0.006,0.007,0.007,0.009
456,0.003,0.004,0.003,0.007,0.005,0.005,0.008,0.006,0.01,0.007,0.009,0.007,0.009,0.007,0.009,0.007,0.009,0.006,0.007,0.006,0.008
457,0.002,0.004,0.004,0.007,0.005,0.005,0.009,0.006,0.009,0.007,0.009,0.007,0.009,0.007,0.009,0.007,0.009,0.006,0.008,0.006,0.009
458,0.002,0.004,0.004,0.007,0.005,0.006,0.009,0.005,0.009,0.006,0.007,0.007,0.009,0.006,0.009,0.006,0.008,0.006,0.008,0.006,0.009
459,0.001,0.003,0.003,0.007,0.004,0.005,0.008,0.005,0.009,0.006,0.006,0.005,0.009,0.005,0.007,0.005,0.007,0.005,0.007,0.005,0.007
460,0.001,0.003,0.002,0.006,0.004,0.003,0.007,0.004,0.008,0.005,0.005,0.004,0.007,0.005,0.007,0.005,0.007,0.004,0.006,0.004,0.006
461,0.002,0.003,0.002,0.006,0.004,0.003,0.007,0.004,0.008,0.005,0.006,0.005,0.007,0.005,0.007,0.005,0.008,0.005,0.006,0.004,0.006
462,0.003,0.003,0.002,0.007,0.004,0.003,0.007,0.005,0.009,0.005,0.007,0.006,0.006,0.006,0.008,0.007,0.008,0.005,0.007,0.005,0.007
463,0.002,0.002,0.003,0.006,0.004,0.003,0.006,0.005,0.009,0.005,0.006,0.006,0.005,0.005,0.008,0.007,0.008,0.004,0.006,0.006,0.007
464,0.001,0.003,0.003,0.006,0.004,0.003,0.006,0.006,0.008,0.006,0.006,0.006,0.006,0.005,0.008,0.006,0.008,0.003,0.005,0.006,0.006
465,0.001,0.004,0.003,0.006,0.005,0.004,0.007,0.005,0.009,0.007,0.007,0.006,0.008,0.006,0.009,0.006,0.008,0.004,0.006,0.007,0.007
466,0.003,0.004,0.003,0.007,0.005,0.005,0.007,0.005,0.009,0.007,0.007,0.005,0.009,0.007,0.009,0.007,0.009,0.006,0.006,0.007,0.006
467,0.003,0.002,0.003,0.007,0.004,0.004,0.007,0.005,0.009,0.007,0.007,0.004,0.009,0.006,0.008,0.005,0.009,0.006,0.006,0.006,0.005
468,0.003,0.001,0.003,0.006,0.004,0.003,0.006,0.004,0.009,0.005,0.006,0.004,0.008,0.005,0.007,0.005,0.008,0.004,0.006,0.004,0.005
469,0.002,0.002,0.003,0.006,0.005,0.003,0.006,0.004,0.009,0.005,0.007,0.005,0.008,0.005,0.008,0.005,0.007,0.004,0.007,0.005,0.006
470,0.001,0.004,0.004,0.007,0.005,0.004,0.007,0.005,0.01,0.006,0.008,0.006,0.008,0.005,0.008,0.007,0.007,0.004,0.007,0.005,0.007
471,0.002,0.006,0.004,0.007,0.006,0.004,0.008,0.006,0.011,0.007,0.008,0.007,0.008,0.005,0.009,0.008,0.008,0.005,0.007,0.005,0.007
472,0.002,0.005,0.004,0.008,0.006,0.005,0.007,0.006,0.011,0.007,0.008,0.007,0.007,0.004,0.009,0.007,0.008,0.005,0.007,0.006,0.007
473,0.002,0.004,0.004,0.009,0.006,0.005,0.007,0.006,0.01,0.006,0.007,0.006,0.007,0.005,0.008,0.006,0.007,0.005,0.006,0.005,0.006
474,0.004,0.004,0.005,0.009,0.007,0.007,0.008,0.007,0.011,0.007,0.008,0.006,0.008,0.007,0.009,0.006,0.009,0.006,0.007,0.005,0.007
475,0.004,0.004,0.004,0.009,0.007,0.006,0.009,0.006,0.011,0.007,0.009,0.006,0.01,0.009,0.009,0.007,0.01,0.006,0.007,0.005,0.008
476,0.004,0.004,0.005,0.009,0.007,0.005,0.009,0.007,0.012,0.008,0.008,0.006,0.01,0.008,0.01,0.008,0.01,0.006,0.008,0.006,0.008
477,0.004,0.004,0.005,0.008,0.006,0.005,0.009,0.007,0.011,0.008,0.009,0.006,0.009,0.007,0.01,0.008,0.009,0.006,0.007,0.007,0.009
478,0.003,0.005,0.005,0.008,0.006,0.005,0.008,0.009,0.012,0.007,0.009,0.007,0.008,0.006,0.01,0.007,0.008,0.006,0.007,0.007,0.009
479,0.004,0.006,0.005,0.009,0.006,0.006,0.008,0.01,0.012,0.008,0.009,0.007,0.009,0.007,0.011,0.008,0.009,0.006,0.009,0.007,0.01
480,0.003,0.004,0.005,0.009,0.006,0.005,0.008,0.008,0.012,0.007,0.008,0.007,0.008,0.007,0.011,0.008,0.009,0.006,0.009,0.007,0.009
481,0.003,0.003,0.005,0.008,0.006,0.005,0.008,0.006,0.011,0.006,0.007,0.006,0.008,0.006,0.01,0.008,0.01,0.005,0.009,0.006,0.008
482,0.005,0.003,0.004,0.008,0.005,0.006,0.01,0.007,0.011,0.005,0.007,0.007,0.009,0.007,0.01,0.008,0.01,0.007,0.008,0.007,0.007
483,0.004,0.004,0.003,0.007,0.004,0.006,0.008,0.007,0.01,0.005,0.006,0.006,0.008,0.007,0.009,0.007,0.009,0.006,0.007,0.006,0.006
484,0.003,0.004,0.002,0.007,0.003,0.005,0.007,0.006,0.009,0.005,0.005,0.005,0.007,0.006,0.009,0.006,0.007,0.005,0.007,0.006,0.006
485,0.002,0.003,0.002,0.006,0.003,0.003,0.005,0.004,0.008,0.005,0.004,0.004,0.005,0.004,0.008,0.005,0.006,0.003,0.006,0.005,0.006
486,0,0.002,0.002,0.004,0.002,0.002,0.004,0.003,0.007,0.004,0.003,0.002,0.004,0.003,0.005,0.004,0.005,0.002,0.005,0.003,0.005
487,0,0.001,0.003,0.003,0.003,0.002,0.004,0.002,0.008,0.004,0.003,0.002,0.003,0.002,0.005,0.004,0.004,0.002,0.005,0.003,0.004
488,0,0.001,0.002,0.004,0.003,0.001,0.005,0.002,0.008,0.004,0.002,0.001,0.004,0.002,0.005,0.004,0.004,0.002,0.003,0.003,0.003
489,0.002,0.001,0.002,0.005,0.003,0.001,0.005,0.003,0.007,0.004,0.004,0.002,0.005,0.003,0.005,0.004,0.006,0.004,0.004,0.003,0.003
490,0.001,0.002,0.001,0.004,0.003,0,0.005,0.004,0.007,0.004,0.004,0.002,0.004,0.003,0.005,0.004,0.006,0.003,0.003,0.002,0.003
491,-0.002,0.001,0,0.003,0.002,-0.001,0.003,0.003,0.006,0.003,0.003,0.002,0.003,0.002,0.005,0.004,0.005,0.002,0.003,0.002,0.003
492,-0.003,0.001,0.001,0.003,0.003,0,0.003,0.003,0.007,0.003,0.003,0.002,0.002,0.001,0.006,0.005,0.004,0,0.004,0.002,0.004
493,0,0.001,0.001,0.004,0.003,0.002,0.004,0.003,0.008,0.003,0.003,0.002,0.003,0.003,0.006,0.006,0.004,0.001,0.004,0.002,0.004
494,0.003,0.003,0.003,0.006,0.004,0.004,0.006,0.004,0.009,0.004,0.005,0.003,0.004,0.004,0.006,0.005,0.006,0.003,0.005,0.003,0.005
495,0.003,0.004,0.003,0.006,0.005,0.004,0.008,0.005,0.009,0.006,0.007,0.004,0.005,0.005,0.006,0.006,0.007,0.004,0.006,0.004,0.005
496,0.002,0.004,0.002,0.006,0.005,0.003,0.008,0.005,0.01,0.007,0.008,0.006,0.005,0.005,0.008,0.007,0.007,0.004,0.007,0.005,0.006
497,0.001,0.005,0.003,0.007,0.005,0.002,0.007,0.006,0.011,0.007,0.006,0.007,0.005,0.005,0.008,0.007,0.006,0.003,0.008,0.006,0.007
498,0.001,0.005,0.004,0.007,0.004,0.003,0.006,0.005,0.01,0.006,0.005,0.006,0.006,0.005,0.007,0.007,0.006,0.003,0.008,0.005,0.007
499,0.002,0.005,0.005,0.008,0.004,0.004,0.006,0.006,0.01,0.006,0.006,0.006,0.006,0.005,0.007,0.006,0.007,0.004,0.006,0.005,0.006
500,0.003,0.004,0.004,0.007,0.004,0.004,0.007,0.006,0.01,0.006,0.007,0.005,0.006,0.005,0.008,0.006,0.008,0.005,0.006,0.005,0.006
501,0.001,0.002,0.003,0.005,0.004,0.003,0.006,0.004,0.01,0.006,0.006,0.003,0.005,0.004,0.007,0.006,0.007,0.004,0.006,0.004,0.005
502,0.001,0.002,0.003,0.005,0.003,0.003,0.006,0.004,0.008,0.005,0.005,0.003,0.005,0.004,0.008,0.006,0.007,0.004,0.006,0.005,0.006
503,0.001,0.002,0.003,0.005,0.003,0.002,0.006,0.004,0.008,0.005,0.004,0.003,0.005,0.004,0.008,0.006,0.007,0.005,0.007,0.005,0.007
504,0.002,0.002,0.003,0.006,0.003,0.002,0.006,0.004,0.01,0.006,0.005,0.004,0.005,0.005,0.008,0.006,0.007,0.005,0.007,0.005,0.007
505,0.002,0.002,0.003,0.005,0.003,0.001,0.005,0.004,0.01,0.006,0.005,0.004,0.005,0.004,0.007,0.006,0.007,0.004,0.006,0.004,0.005
506,0.001,0.002,0.003,0.006,0.004,0.001,0.005,0.004,0.01,0.007,0.004,0.004,0.004,0.003,0.007,0.006,0.007,0.004,0.005,0.004,0.004
507,0.001,0.003,0.004,0.007,0.004,0.002,0.007,0.005,0.009,0.006,0.005,0.005,0.005,0.003,0.007,0.007,0.007,0.004,0.005,0.005,0.005
508,0.001,0.003,0.004,0.008,0.004,0.002,0.006,0.005,0.01,0.006,0.006,0.006,0.006,0.003,0.008,0.007,0.005,0.004,0.006,0.006,0.006
509,0.001,0.003,0.003,0.008,0.004,0.002,0.006,0.005,0.009,0.005,0.006,0.005,0.007,0.003,0.008,0.005,0.004,0.004,0.006,0.005,0.006
510,0,0.002,0.002,0.006,0.002,0.002,0.005,0.004,0.009,0.004,0.004,0.004,0.006,0.003,0.006,0.004,0.004,0.004,0.004,0.004,0.004
511,0.001,0.003,0.002,0.006,0.003,0.002,0.006,0.005,0.008,0.004,0.004,0.004,0.006,0.005,0.005,0.004,0.006,0.005,0.003,0.004,0.004
512,0.002,0.004,0.003,0.006,0.004,0.002,0.006,0.004,0.009,0.005,0.005,0.005,0.006,0.005,0.006,0.005,0.007,0.004,0.004,0.005,0.005
513,0.003,0.004,0.004,0.006,0.005,0.003,0.007,0.005,0.011,0.007,0.007,0.006,0.007,0.005,0.008,0.007,0.006,0.005,0.006,0.007,0.007
514,0.002,0.003,0.003,0.005,0.004,0.003,0.007,0.004,0.01,0.006,0.005,0.003,0.006,0.003,0.008,0.006,0.005,0.003,0.005,0.006,0.006
515,0,0.002,0.001,0.003,0.003,0.002,0.005,0.004,0.008,0.004,0.003,0.001,0.003,0.001,0.007,0.005,0.003,0.001,0.004,0.005,0.005
516,0,0.001,0.002,0.004,0.004,0.002,0.004,0.003,0.007,0.004,0.003,0.001,0.004,0.002,0.007,0.005,0.004,0.001,0.004,0.004,0.005
517,0.001,0.002,0.003,0.005,0.005,0.002,0.005,0.004,0.008,0.005,0.005,0.003,0.006,0.003,0.007,0.006,0.004,0.003,0.006,0.004,0.006
518,0.001,0.002,0.003,0.005,0.004,0.003,0.007,0.004,0.009,0.005,0.005,0.004,0.007,0.003,0.007,0.006,0.005,0.004,0.007,0.004,0.006
519,0.001,0.004,0.003,0.006,0.004,0.003,0.008,0.005,0.01,0.005,0.005,0.005,0.007,0.003,0.008,0.007,0.006,0.005,0.007,0.004,0.007
520,-0.001,0.003,0.003,0.005,0.004,0.002,0.006,0.004,0.01,0.005,0.004,0.004,0.005,0.002,0.006,0.006,0.004,0.003,0.006,0.004,0.006
521,-0.001,0.003,0.003,0.006,0.005,0.002,0.005,0.004,0.01,0.006,0.003,0.004,0.006,0.002,0.007,0.006,0.004,0.003,0.006,0.004,0.005
522,0,0.003,0.005,0.007,0.005,0.004,0.007,0.004,0.011,0.007,0.005,0.005,0.006,0.003,0.008,0.007,0.004,0.005,0.006,0.004,0.006
523,0.001,0.002,0.004,0.007,0.004,0.004,0.006,0.003,0.01,0.008,0.006,0.004,0.005,0.005,0.009,0.006,0.005,0.005,0.006,0.005,0.006
524,0.002,0.002,0.004,0.006,0.004,0.004,0.007,0.004,0.01,0.008,0.006,0.004,0.005,0.006,0.009,0.006,0.006,0.004,0.006,0.004,0.007
525,0,0.002,0.003,0.005,0.004,0.002,0.005,0.002,0.009,0.006,0.004,0.003,0.004,0.003,0.008,0.005,0.006,0.003,0.007,0.003,0.006
526,-0.002,0.001,0.002,0.005,0.004,0.002,0.005,0.002,0.009,0.006,0.003,0.003,0.004,0.001,0.006,0.006,0.004,0.002,0.006,0.002,0.006
527,-0.003,0.001,0.002,0.004,0.004,0.002,0.004,0.002,0.008,0.005,0.004,0.003,0.003,0.001,0.006,0.006,0.002,0,0.006,0.003,0.007
528,-0.004,-0.001,0,0.003,0.002,-0.001,0.001,0.001,0.006,0.003,0.002,0.002,0.001,0,0.004,0.004,0,-0.002,0.003,0.002,0.005
529,-0.005,-0.002,0,0.003,0,-0.002,0,-0.001,0.006,0.001,0,0.001,0,-0.001,0.003,0.002,0,-0.003,0.002,0,0.003
530,-0.004,-0.001,0.001,0.004,0.001,-0.002,0.001,0,0.006,0.002,0,0.002,0,0,0.003,0.002,0.001,-0.002,0.002,0,0.003
531,-0.003,0.002,0.003,0.005,0.002,-0.001,0.003,0.002,0.008,0.004,0.002,0.004,0.002,0.002,0.006,0.004,0.004,0,0.004,0.002,0.004
532,-0.002,0.002,0.003,0.004,0.003,0.001,0.003,0.002,0.008,0.006,0.002,0.004,0.003,0.002,0.006,0.004,0.003,0,0.004,0.003,0.004
533,-0.003,0.001,0.002,0.003,0.003,0,0.002,0.002,0.008,0.005,0,0.001,0.003,0.001,0.004,0.003,0.003,0,0.002,0.002,0.003
534,-0.004,-0.001,0.002,0.003,0.003,-0.001,0.002,0.001,0.007,0.005,0,-0.001,0.003,-0.001,0.003,0.002,0.002,-0.001,0.001,0.001,0.002
535,-0.004,-0.001,0.002,0.003,0.003,-0.002,0.003,0.002,0.007,0.005,0.001,0,0.003,-0.002,0.004,0.003,0.002,-0.001,0.001,0.002,0.003
536,-0.004,0,0.002,0.003,0.003,-0.002,0.002,0.002,0.007,0.006,0.002,0.001,0.003,-0.001,0.006,0.004,0.001,0,0.003,0.002,0.005
537,-0.004,0,0.001,0.003,0.003,-0.002,0.002,0.003,0.007,0.005,0.002,0.003,0.002,0,0.007,0.006,0.002,0.001,0.005,0.003,0.004
538,-0.002,0.001,0.001,0.003,0.003,-0.001,0.002,0.003,0.008,0.005,0.002,0.002,0.002,0.001,0.006,0.006,0.003,0.001,0.005,0.002,0.003
539,-0.003,0.001,0.002,0.004,0.003,0,0.003,0.003,0.008,0.004,0.002,0.003,0.004,0.001,0.005,0.005,0.003,0.001,0.005,0.003,0.003
540,-0.003,0.001,0.002,0.004,0.003,0,0.003,0.002,0.008,0.002,0.002,0.002,0.004,0.001,0.005,0.004,0.002,0.001,0.004,0.004,0.005
541,-0.004,0,0.001,0.002,0.001,-0.001,0.002,0.001,0.006,0.002,0,0.002,0.004,0,0.004,0.001,0.001,0,0.002,0.003,0.003
542,-0.004,-0.001,0,0.001,0,-0.002,0,0,0.004,0.003,-0.001,0.001,0.002,-0.001,0.004,0.001,-0.001,-0.003,0.001,0.002,0.002
543,-0.005,-0.002,-0.001,0,-0.001,-0.005,-0.002,-0.001,0.004,0.003,-0.002,-0.001,0,-0.003,0.003,0.001,-0.003,-0.005,0,0.001,0.001
544,-0.005,-0.001,0.001,0.001,0,-0.005,-0.002,-0.001,0.006,0.003,-0.001,-0.002,0.001,-0.003,0.004,0.003,-0.002,-0.003,0.001,0.001,0.003
545,-0.001,0.001,0.003,0.004,0.004,-0.001,0.002,0.002,0.009,0.004,0.001,0,0.004,0,0.006,0.005,0.003,0,0.004,0.003,0.005
546,0.001,0.004,0.004,0.005,0.005,0.001,0.005,0.004,0.01,0.005,0.004,0.002,0.007,0.004,0.007,0.007,0.007,0.003,0.005,0.005,0.006
547,0.001,0.005,0.003,0.005,0.005,0.002,0.005,0.004,0.009,0.005,0.003,0.002,0.006,0.005,0.006,0.006,0.007,0.002,0.004,0.005,0.005
548,-0.002,0.003,0.001,0.004,0.003,0.001,0.002,0.003,0.008,0.004,0,0.001,0.003,0.001,0.004,0.004,0.003,0,0.001,0.003,0.002
549,-0.005,0.002,0.001,0.003,0.002,-0.002,0.001,0.003,0.007,0.004,0,0.001,0,-0.001,0.003,0.003,0.001,-0.001,0.001,0.001,0.001
550,-0.003,0.001,0.003,0.004,0.003,-0.002,0.002,0.003,0.008,0.005,0.003,0.002,0.001,-0.001,0.005,0.004,0.002,0.001,0.003,0.003,0.002
551,-0.003,0.001,0.003,0.004,0.003,-0.002,0.003,0.003,0.009,0.006,0.004,0.003,0.002,0.001,0.005,0.004,0.003,0.002,0.003,0.004,0.003
552,-0.004,0,0.002,0.004,0.003,-0.002,0.002,0.002,0.007,0.005,0.003,0.002,0.001,0,0.005,0.003,0.003,0.002,0.003,0.003,0.004
553,-0.005,-0.001,0.001,0.002,0.002,-0.002,-0.001,0,0.006,0.003,-0.001,0,-0.001,-0.002,0.004,0.003,0.001,-0.001,0.002,0.002,0.003
554,-0.006,-0.001,0.002,0.001,0.003,-0.002,-0.002,-0.001,0.007,0.003,-0.002,0,-0.003,-0.003,0.003,0.003,-0.001,-0.003,0.002,0.002,0.002
555,-0.005,0,0.001,0.003,0.004,-0.002,-0.001,0,0.008,0.005,-0.001,0.001,-0.001,-0.003,0.003,0.005,-0.001,-0.002,0.003,0.002,0.003
556,-0.004,0.002,0.001,0.004,0.003,-0.001,0.001,0.002,0.008,0.005,0.001,0.002,0.001,-0.002,0.003,0.004,0,-0.002,0.004,0.002,0.005
557,-0.002,0.002,0.001,0.005,0.003,0,0.002,0.003,0.008,0.004,0.001,0.002,0.002,-0.001,0.004,0.004,0.001,0,0.004,0.002,0.005
558,-0.002,0,0.003,0.004,0.004,0.001,0.003,0.002,0.008,0.003,0.001,0.001,0.003,-0.001,0.003,0.003,0.002,0.001,0.004,0.001,0.004
559,-0.002,-0.002,0.003,0.003,0.003,0.001,0.003,0.002,0.008,0.002,0,0.001,0.004,-0.001,0.003,0.003,0.001,0.001,0.003,0,0.002
560,-0.004,-0.001,0.002,0.003,0.002,0.001,0.004,0.001,0.007,0.003,0.001,0.002,0.004,0,0.002,0.002,0.002,0.001,0.001,0.001,0.001
561,-0.002,0,0.001,0.004,0.001,0.001,0.004,0.002,0.006,0.004,0.001,0.002,0.004,0.002,0.003,0,0.004,0.001,0,0.002,0.001
562,-0.001,-0.001,0.001,0.004,0.002,0,0.003,0,0.006,0.004,0,0.001,0.001,0.002,0.003,0,0.004,-0.001,-0.001,0.001,0.001
563,0,0.001,0.001,0.003,0.002,0,0.003,0.001,0.006,0.005,0.001,0.001,0.001,0.001,0.003,0.001,0.003,-0.001,0,0.001,0.002
564,-0.002,0.002,0,0.002,0,-0.001,0.002,0.002,0.006,0.004,0.001,0,0.001,0,0.003,0.002,0.001,-0.001,-0.001,0,0.002
565,-0.002,0.002,-0.001,0.002,0.001,-0.002,0.003,0.002,0.006,0.004,0.001,0.001,0.003,0,0.004,0.002,0.001,0,0,0.001,0.002
566,-0.001,0.001,-0.001,0.002,0,-0.002,0.003,0.001,0.006,0.002,0,0,0.004,0.001,0.003,0.001,0.001,-0.001,0,0,0.001
567,0,0.001,0.001,0.003,0.001,0.001,0.005,0.001,0.006,0.003,0.001,0,0.004,0.002,0.004,0.002,0.002,0,0.001,0.001,0.001
568,0,0.003,0.002,0.003,0.001,0.001,0.004,0.002,0.008,0.005,0.003,0.001,0.002,0.001,0.004,0.003,0.004,-0.001,0.002,0.003,0.002
569,-0.001,0.003,0.002,0.003,0.002,0,0.002,0.003,0.008,0.006,0.003,0.002,0.001,0,0.005,0.004,0.003,-0.001,0.003,0.003,0.004
570,0,0.002,0.002,0.004,0.004,-0.001,0.004,0.003,0.009,0.006,0.002,0.002,0.001,0,0.007,0.005,0.004,0.001,0.004,0.004,0.005
571,0,0,0.002,0.003,0.003,0,0.004,0.001,0.008,0.004,0.001,0,0.001,-0.001,0.006,0.004,0.003,0,0.003,0.002,0.003
572,-0.002,0,0.003,0.002,0.003,0.002,0.005,0.001,0.009,0.006,0.001,0,0.002,-0.001,0.005,0.004,0.002,0,0.003,0.001,0.002
573,-0.003,0,0.001,0.001,0.003,0.002,0.004,-0.001,0.008,0.005,0.001,0.001,0.003,0,0.005,0.003,0.002,-0.002,0.003,0.001,0.002
574,-0.004,0.001,0,0.001,0.002,0.001,0.003,0,0.008,0.004,0.001,0.003,0.002,0,0.006,0.004,0.001,0,0.004,0.001,0.003
575,-0.004,0.002,0,0.002,0.002,0,0.003,0,0.007,0.004,0,0.003,0.001,0,0.006,0.004,0,0.001,0.003,0.003,0.004
576,-0.005,0.002,0,0.002,0.002,0,0.003,0.001,0.006,0.003,0.001,0.001,0,0,0.007,0.004,-0.001,0.001,0.003,0.003,0.004
577,-0.005,0.002,0.001,0.003,0.002,0,0.003,0.002,0.007,0.003,0.002,0.001,0.001,-0.001,0.005,0.005,-0.001,0,0.003,0.003,0.004
578,-0.005,0.004,0.002,0.004,0.004,-0.001,0.003,0.004,0.008,0.004,0.004,0.003,0.001,-0.001,0.006,0.005,0,0,0.004,0.004,0.005
579,-0.003,0.005,0.002,0.005,0.004,-0.001,0.003,0.004,0.007,0.005,0.004,0.003,0.002,-0.001,0.005,0.004,0.001,0,0.005,0.004,0.005
580,-0.002,0.004,0.001,0.003,0.004,0,0.003,0.001,0.006,0.003,0.002,0.001,0.002,-0.002,0.003,0.002,0.001,0,0.003,0.002,0.003
581,-0.003,0,0,0.002,0.003,-0.001,0.002,0,0.005,0.002,-0.001,-0.001,0.001,-0.002,0.003,0.003,-0.001,-0.001,0.002,0.003,0.002
582,-0.004,-0.001,-0.001,0,0.002,-0.003,0.001,0,0.006,0,0,-0.003,0,-0.003,0.003,0.004,-0.002,-0.002,0.001,0.002,0.003
583,-0.004,0.001,0.001,0,0.002,-0.003,0,-0.001,0.007,0.003,0.001,-0.001,0,-0.003,0.004,0.004,0,-0.003,0.002,0.002,0.004
584,-0.003,0.001,0.002,0,0.001,-0.004,-0.001,-0.001,0.008,0.003,0.001,-0.001,0,-0.003,0.004,0.002,0.001,-0.003,0.001,0.001,0.003
585,-0.004,0,0.002,0,0.001,-0.004,-0.002,-0.001,0.006,0.003,0,-0.001,0.001,-0.004,0.003,0,0.001,-0.004,0.001,-0.001,0.001
586,-0.003,-0.001,0.001,0.002,0.002,-0.002,0.001,0.001,0.006,0.004,0.001,0,0.002,-0.002,0.004,0.002,0.002,-0.002,0.002,0.001,0.002
587,-0.002,0,0,0.002,0.002,0,0.003,0.001,0.005,0.003,0.001,0.002,0.003,0.001,0.004,0.003,0.003,-0.001,0.002,0.001,0.003
588,-0.001,0.002,0.003,0.003,0.005,0,0.004,0.002,0.008,0.004,0.001,0.004,0.002,0.002,0.006,0.006,0.005,0,0.004,0.004,0.005
589,-0.002,0.001,0.003,0.001,0.004,-0.002,0.003,0.001,0.008,0.004,-0.001,0.001,0,0.001,0.004,0.005,0.003,-0.001,0,0.002,0.001
590,-0.002,-0.001,0.002,0.001,0.002,-0.002,0.003,0.001,0.006,0.003,-0.002,0,-0.001,0,0.002,0.003,0.001,-0.002,-0.002,0,-0.001
591,-0.001,0.001,0.003,0.004,0.001,0.001,0.003,0.004,0.007,0.004,0.003,0.003,0.001,0.001,0.004,0.004,0.005,0,0.001,0.001,0.002
592,-0.003,0.002,0.003,0.005,0,0,0.002,0.003,0.006,0.005,0.004,0.004,0.001,0.001,0.005,0.003,0.004,-0.001,0.002,0.003,0.003
593,-0.004,0.002,0.001,0.001,-0.001,-0.001,-0.001,0,0.005,0.005,0.002,0.001,-0.001,-0.001,0.003,0.002,0.002,-0.003,0.001,0.002,0.002
594,-0.004,0.003,0,-0.001,-0.001,-0.003,0.001,-0.001,0.005,0.004,0.001,0,-0.001,0,0.002,0.001,-0.001,-0.004,0.001,0.001,0
595,0,0.004,0,0.001,0.002,0,0.004,0.001,0.006,0.004,0,0,0.001,0.001,0.003,0.002,0.002,-0.002,0.003,0.002,0.002
596,0.001,0.003,0,0.004,0.004,0.002,0.005,0.004,0.007,0.004,0.002,0.002,0.005,0.003,0.004,0.004,0.004,0.002,0.004,0.003,0.004
597,-0.001,0,0,0.004,0.004,0.003,0.004,0.004,0.007,0.004,0.002,0.002,0.005,0.002,0.004,0.004,0.004,0.003,0.003,0.003,0.005
598,-0.003,-0.001,0,0.004,0.004,0.002,0.003,0.002,0.007,0.004,0.002,0.001,0.003,0.002,0.006,0.004,0.002,0.002,0.003,0.003,0.004
599,-0.002,-0.001,0,0.004,0.003,0.001,0.003,0.001,0.007,0.003,0.001,0,0.004,0,0.006,0.003,0.002,0.001,0.003,0.002,0.004
600,-0.002,-0.001,0,0.003,0.002,-0.001,0.002,0,0.006,0.002,0.001,-0.001,0.005,-0.001,0.005,0.002,0.001,0.001,0.003,0.003,0.003
601,-0.002,0,-0.001,0.003,0.001,-0.003,0.001,0,0.006,0.001,0.001,-0.001,0.004,-0.001,0.004,0,0.001,0.002,0.003,0.002,0.002
602,0,0.002,0,0.004,0.002,-0.001,0.003,0.001,0.007,0.002,0.002,0,0.006,0.003,0.005,0.001,0.004,0.004,0.004,0.002,0.002
603,0.001,0.004,0.001,0.005,0.001,0,0.004,0.003,0.006,0.003,0.002,0.001,0.005,0.003,0.004,0.001,0.006,0.002,0.002,0.001,0.002
604,-0.001,0.003,0,0.005,0,0,0.004,0.004,0.004,0.002,0.001,0.001,0.002,0.001,0.002,0.001,0.004,0.001,0,0.001,0.002
605,-0.002,0.002,0,0.003,0,-0.003,0.003,0.003,0.004,0.002,0.001,0.001,0.001,-0.001,0.002,0.001,0.002,0,0,0.001,0.002
606,-0.002,0.001,0.002,0.003,0.002,-0.002,0.003,0.003,0.006,0.002,0.001,0.001,0.001,0,0.004,0.003,0.001,0.001,0.003,0,0.004
607,-0.002,0.001,0.004,0.004,0.003,-0.001,0.003,0.002,0.008,0.003,0.003,0.002,0.002,0.001,0.005,0.004,0.001,0.002,0.004,0.001,0.004
608,-0.003,0,0.002,0.005,0.004,-0.001,0.001,0.002,0.008,0.002,0.004,0.001,0.002,0.001,0.004,0.003,0.001,0.002,0.002,0.001,0.003
609,-0.001,0.001,0.002,0.007,0.004,0,0.002,0.003,0.007,0.003,0.004,0.002,0.003,0.003,0.004,0.003,0.004,0.003,0.002,0.003,0.002
610,0,0.001,0.001,0.007,0.004,0.001,0.003,0.003,0.007,0.003,0.004,0.001,0.004,0.003,0.006,0.004,0.005,0.004,0.004,0.005,0.005
611,-0.003,0.001,0.001,0.006,0.005,0,0.004,0.002,0.007,0.003,0.003,0.001,0.002,0.002,0.007,0.005,0.003,0.002,0.004,0.004,0.006
612,-0.004,0.001,0.002,0.003,0.004,-0.001,0.003,0.001,0.008,0.004,0.002,0.001,0.001,0,0.006,0.005,0.001,0,0.003,0.004,0.005
613,-0.004,0.001,0.002,0.001,0.004,0.001,0.003,0.001,0.008,0.004,0,0.001,0.002,-0.001,0.004,0.004,0.001,-0.002,0.002,0.002,0.003
614,-0.002,0.002,0.002,0.002,0.005,0.002,0.003,0.002,0.008,0.003,0.001,0,0.004,-0.001,0.003,0.005,0.002,-0.002,0.003,0.002,0.003
615,0,0.003,0.002,0.005,0.004,0.001,0.004,0.004,0.008,0.003,0.002,0.001,0.005,-0.001,0.006,0.006,0.003,-0.001,0.004,0.003,0.004
616,0.001,0.001,0.003,0.006,0.004,0.001,0.002,0.003,0.008,0.004,0.003,0.003,0.003,0,0.007,0.006,0.003,0,0.005,0.003,0.003
617,0.002,0.002,0.003,0.006,0.003,0.002,0.003,0.005,0.008,0.004,0.004,0.005,0.005,0.002,0.008,0.005,0.004,0.001,0.006,0.005,0.004
618,0.006,0.003,0.001,0.005,0.003,0.003,0.005,0.005,0.008,0.004,0.007,0.005,0.005,0.005,0.008,0.005,0.007,0.003,0.005,0.005,0.005
619,0.008,0.005,0.001,0.007,0.004,0.005,0.007,0.006,0.009,0.005,0.008,0.007,0.007,0.007,0.008,0.006,0.009,0.005,0.005,0.006,0.007
620,0.004,0.003,0.001,0.005,0.003,0.003,0.006,0.004,0.009,0.004,0.006,0.004,0.007,0.005,0.007,0.005,0.006,0.003,0.004,0.003,0.005
621,-0.001,0.001,0.002,0.003,0.003,-0.001,0.002,0.003,0.007,0.003,0.002,0.001,0.004,0.001,0.004,0.003,0.001,-0.001,0.004,0.001,0.003
622,-0.005,-0.001,0.002,0,0.001,-0.004,-0.002,-0.001,0.007,0.002,-0.001,0,-0.002,-0.004,0.002,0,-0.001,-0.004,0.002,-0.002,0.001
623,-0.005,-0.002,0.002,-0.002,0,-0.004,-0.004,-0.004,0.007,0.003,-0.004,-0.002,-0.005,-0.006,0.002,0,-0.002,-0.006,0.001,-0.003,0.001
624,-0.003,-0.002,0.001,-0.001,0.001,-0.003,-0.002,-0.003,0.008,0.003,-0.003,0,-0.004,-0.005,0.003,0.002,0,-0.004,0.001,-0.002,0.001
625,-0.001,-0.001,0.001,0.001,0.001,-0.001,0.002,0.001,0.007,0.003,0.001,0.001,-0.001,-0.002,0.003,0.003,0.002,-0.001,0.001,0,0.002
626,0,0.002,0.001,0.002,0.001,0.002,0.004,0.004,0.006,0.004,0.004,0.003,0.002,-0.001,0.004,0.003,0.003,-0.002,0.001,0.001,0.003
627,-0.002,0.003,0.001,0.002,0,0.002,0.002,0.003,0.006,0.004,0.003,0.001,0,-0.001,0.005,0.002,0.001,-0.002,0.001,0.002,0.003
628,-0.003,0.001,0,0,0,-0.001,0,0.001,0.006,0.003,0,0,-0.002,-0.003,0.004,0.003,-0.002,-0.002,0,0.001,0.002
629,-0.004,-0.001,0.001,0,0.001,-0.004,0,0,0.006,0.002,-0.001,0,-0.002,-0.001,0.005,0.004,-0.002,-0.002,0.002,0.001,0.004
630,-0.001,0.001,0.003,0.004,0.003,-0.001,0.004,0.004,0.007,0.003,0.001,0.003,0.002,0.002,0.006,0.005,0.003,0.002,0.005,0.005,0.005
631,-0.001,0.002,0.003,0.006,0.003,0,0.004,0.004,0.008,0.002,0.001,0.003,0.005,0.001,0.007,0.005,0.004,0.003,0.005,0.006,0.004
632,-0.002,0.001,0.002,0.005,0.002,-0.001,0.003,0.002,0.009,0.003,0,0.002,0.005,0,0.005,0.003,0.002,0.002,0.003,0.004,0.003
633,-0.004,-0.002,0.002,0,0.001,-0.004,0,-0.003,0.009,0.002,-0.001,-0.002,0.003,-0.002,0.005,0.002,-0.001,-0.002,0.003,0.001,0.002
634,-0.005,-0.001,0.001,-0.001,0.001,-0.004,-0.002,-0.004,0.007,0.003,0,-0.003,0.001,-0.004,0.004,0.003,-0.001,-0.005,0.003,0,0.003
635,-0.001,0.002,0.002,0.003,0.002,0.001,0,0.001,0.007,0.004,0.003,0.002,0.003,0.001,0.005,0.007,0.003,-0.003,0.004,0.003,0.004
636,0.003,0.005,0.002,0.006,0.003,0.006,0.005,0.006,0.009,0.005,0.006,0.006,0.006,0.005,0.006,0.008,0.008,0.003,0.005,0.006,0.005
637,0.005,0.005,0.004,0.008,0.005,0.007,0.007,0.008,0.011,0.006,0.006,0.008,0.008,0.008,0.008,0.009,0.011,0.006,0.007,0.006,0.006
638,0.002,0.002,0.002,0.006,0.003,0.004,0.004,0.004,0.01,0.005,0.003,0.004,0.005,0.003,0.006,0.006,0.005,0.003,0.004,0.002,0.004
639,-0.001,0.001,0.002,0.004,0.002,0.001,0.002,0.001,0.009,0.003,0.001,-0.001,0.004,0,0.004,0.004,0.001,-0.001,0.002,-0.001,0.003
640,-0.001,0,0.001,0.002,0.001,0,0.002,0,0.007,0.004,0,-0.002,0.003,-0.001,0.002,0.003,0.001,-0.002,0,-0.002,0.001
641,0,0.001,0.002,0.003,0.002,0.001,0.003,0.001,0.008,0.006,0.001,0,0.006,0.002,0.003,0.004,0.005,-0.001,0.003,0,0.003
642,0.001,0.001,0.001,0.004,0.003,0.001,0.003,0.001,0.008,0.005,0.002,0.001,0.005,0.002,0.002,0.004,0.005,-0.001,0.003,0,0.003
643,0,0.001,0.002,0.005,0.003,0.002,0.004,0.002,0.009,0.006,0.002,0.003,0.004,0.003,0.003,0.006,0.003,0,0.004,0.003,0.004
644,0.001,0.003,0.002,0.005,0.002,0.002,0.005,0.004,0.009,0.008,0.004,0.004,0.004,0.004,0.005,0.005,0.004,0,0.003,0.003,0.003
645,0.001,0.005,0.001,0.004,0.003,0.002,0.005,0.005,0.008,0.006,0.004,0.004,0.005,0.004,0.006,0.005,0.005,0.002,0.003,0.003,0.004
646,0.001,0.004,0.002,0.003,0.001,0.001,0.004,0.005,0.007,0.002,0.003,0.001,0.005,0.002,0.005,0.003,0.004,0.002,0.004,0.002,0.005
647,0.001,0.001,0.001,0.004,0.001,0,0.002,0.003,0.008,0.001,0.001,0,0.001,0.001,0.004,0.003,0.003,0.001,0.005,0.001,0.003
648,0.003,0.001,0.001,0.004,0.001,0,0.002,0.002,0.007,0.002,0.002,0.002,-0.002,0.002,0.005,0.004,0.004,0,0.004,0.003,0.002
649,0.002,0.003,0,0.005,0.002,0.003,0.003,0.002,0.005,0.002,0.005,0.005,0,0.003,0.008,0.003,0.005,0,0.004,0.006,0.003
650,-0.001,0.002,0,0.004,0,0.001,0.003,0,0.005,0.001,0.005,0.004,0.002,0.001,0.008,0.002,0.003,0,0.004,0.005,0.004
651,-0.003,0.001,0,0.003,0.001,-0.002,0.002,-0.001,0.006,0.001,0.004,0.002,0.002,-0.001,0.007,0.002,0.001,-0.001,0.004,0.003,0.004
652,-0.003,0,0.001,0.002,0.002,-0.004,0.002,-0.001,0.006,0.002,0.002,0,0.001,-0.002,0.006,0.004,0.001,-0.002,0.004,0.002,0.003
653,-0.003,0,0,0.001,0.002,-0.004,0.001,0,0.006,0.002,0.002,0,0.002,-0.003,0.005,0.004,0.002,-0.002,0.003,0.003,0.002
654,0,0.003,0.001,0.003,0.001,-0.002,0.001,0.002,0.008,0.003,0.001,0.001,0.005,-0.001,0.006,0.004,0.003,-0.001,0.003,0.003,0.001
655,0.005,0.006,0.003,0.008,0.003,0.005,0.008,0.008,0.011,0.005,0.005,0.006,0.009,0.006,0.01,0.009,0.009,0.006,0.006,0.007,0.005
656,0.009,0.009,0.002,0.011,0.006,0.01,0.011,0.009,0.011,0.006,0.008,0.009,0.009,0.01,0.012,0.012,0.011,0.009,0.009,0.008,0.008
657,0.006,0.006,0.001,0.007,0.005,0.006,0.009,0.006,0.009,0.005,0.009,0.007,0.006,0.006,0.011,0.011,0.009,0.007,0.009,0.007,0.009
658,-0.001,0.004,0,0.004,0.003,0.001,0.005,0.003,0.007,0.004,0.008,0.004,0.005,0,0.009,0.007,0.003,0.002,0.007,0.005,0.008
659,-0.004,0.004,0.002,0.004,0.002,-0.001,0.004,0.004,0.008,0.004,0.006,0.003,0.005,-0.001,0.008,0.005,0.001,0.001,0.005,0.005,0.007
660,-0.001,0.004,0.003,0.007,0.002,0.002,0.005,0.005,0.007,0.003,0.004,0.004,0.004,0.002,0.007,0.004,0.003,0.002,0.006,0.004,0.006
661,0.003,0.003,0.005,0.007,0.003,0.008,0.008,0.005,0.006,0.002,0.004,0.005,0.006,0.005,0.007,0.005,0.008,0.004,0.005,0.003,0.007
662,0.006,0.003,0.004,0.006,0.004,0.009,0.008,0.005,0.007,0.002,0.004,0.006,0.007,0.007,0.008,0.005,0.011,0.005,0.007,0.002,0.007
663,0.003,0.002,0.001,0.003,0.001,0.004,0.005,0.003,0.007,0.002,0.002,0.003,0.004,0.004,0.007,0.005,0.008,0.003,0.005,0.001,0.004
664,0,0,0,0.001,0.001,0.001,0.003,0,0.007,0.004,0.001,0.001,0.001,0.002,0.005,0.003,0.004,0,0.003,-0.001,0.001
665,-0.001,0,0,0.002,0.001,-0.001,0.004,0.001,0.007,0.004,0.001,-0.001,0,0.001,0.003,0.003,0.002,0,0,-0.001,0
666,-0.001,0.003,0.002,0.006,0.003,0,0.006,0.004,0.008,0.004,0.004,0.003,0.001,0.003,0.006,0.003,0.005,0.002,0.003,0.003,0.004
667,0,0.002,0.001,0.005,0.002,-0.001,0.005,0.004,0.008,0.002,0.003,0.003,-0.001,0.001,0.007,0.003,0.005,0,0.003,0.004,0.004
668,-0.001,0.003,0.003,0.004,0.004,-0.001,0.005,0.002,0.009,0.002,0.004,0.002,0,-0.001,0.006,0.003,0.004,0,0.005,0.004,0.005
669,-0.001,0.002,0.002,0.002,0.005,-0.001,0.004,0.001,0.01,0.002,0.003,0.001,0.002,-0.002,0.004,0.003,0.002,0.001,0.006,0.003,0.004
670,0.001,0.001,0.003,0.003,0.005,0.001,0.006,0.002,0.009,0.003,0.004,0.002,0.004,0.003,0.005,0.003,0.004,0.003,0.006,0.002,0.004
671,0.001,-0.002,-0.001,0.002,0.003,0.001,0.004,0.001,0.006,0.001,0.001,0,0.002,0.003,0.003,0.001,0.005,0.001,0.001,0,0.001
672,0.002,0.001,0,0.003,0.002,0.001,0.004,0.003,0.006,0.005,0.001,0.001,0.003,0.003,0.004,0.002,0.007,0.001,0.001,0.003,0.002
673,0.001,0.002,-0.001,0.002,0,-0.001,0.002,0.003,0.007,0.005,0,0,0.002,0.002,0.005,0.003,0.005,0,0.002,0.005,0.004
674,0,0.003,-0.001,0.002,0.001,0,0,0.001,0.007,0.004,0.002,0,0.002,0.003,0.006,0.004,0.004,0.001,0.005,0.007,0.006
675,0.001,0.004,0.001,0.003,0.003,0.002,0.002,0.002,0.008,0.004,0.003,0.001,0.003,0.004,0.007,0.005,0.005,0.003,0.007,0.007,0.007
676,0.004,0.004,0.004,0.006,0.004,0.003,0.004,0.003,0.009,0.005,0.004,0.003,0.006,0.006,0.006,0.005,0.008,0.004,0.006,0.005,0.005
677,0.005,0.004,0.003,0.008,0.002,0.003,0.005,0.003,0.007,0.005,0.004,0.004,0.005,0.006,0.005,0.005,0.008,0.002,0.003,0.003,0.003
678,0.005,0.003,0.002,0.007,0.001,0.002,0.003,0.004,0.007,0.004,0.002,0.004,0.004,0.007,0.004,0.005,0.007,0,0.003,0.003,0.003
679,0.002,0,0.002,0.002,-0.001,0,0.001,0.001,0.006,0.003,0,0.002,0.003,0.005,0.004,0.004,0.005,-0.001,0.003,0.001,0.003
680,0,-0.002,0,-0.001,0,-0.001,0,0,0.006,0.002,0,0.001,0.002,0.003,0.003,0.003,0.003,-0.002,0.002,0,0.002
681,0.001,-0.002,-0.001,0.001,0.001,0.001,0.003,0.001,0.008,0.004,0.002,0.003,0.004,0.004,0.006,0.004,0.005,-0.001,0.003,0,0.003
682,0.002,0.003,0.001,0.005,0.003,0.003,0.006,0.005,0.01,0.006,0.004,0.006,0.006,0.005,0.007,0.005,0.006,0.002,0.005,0.003,0.005
683,0.001,0.004,0.001,0.005,0.005,0.002,0.006,0.006,0.011,0.003,0.004,0.005,0.005,0.003,0.004,0.005,0.005,0.001,0.005,0.003,0.006
684,0,0.001,0.001,0.004,0.004,0,0.003,0.001,0.01,-0.001,0.002,0,0.002,0.001,0.002,0.004,0.001,0.001,0.003,0.002,0.005
685,0,-0.002,0.001,0.002,0.002,0.001,0.002,-0.002,0.009,0,0.002,-0.002,0.003,0,0.003,0.003,0.002,-0.002,0.003,0.001,0.005
686,0.004,-0.001,0.001,0.003,0.002,0.005,0.004,0,0.007,0.004,0.004,-0.001,0.006,0.001,0.006,0.003,0.007,0.001,0.004,0.002,0.004
687,0.004,0.002,0.002,0.005,0.004,0.007,0.007,0.004,0.007,0.006,0.005,0.003,0.009,0.003,0.006,0.005,0.009,0.003,0.005,0.003,0.005
688,0.004,0.004,0.002,0.007,0.005,0.006,0.008,0.006,0.008,0.006,0.006,0.006,0.009,0.005,0.005,0.006,0.007,0.004,0.007,0.003,0.004
689,0.004,0.005,0.003,0.009,0.007,0.006,0.008,0.009,0.01,0.007,0.006,0.007,0.01,0.008,0.007,0.007,0.007,0.005,0.009,0.003,0.005
690,0.006,0.006,0.004,0.012,0.006,0.006,0.009,0.008,0.01,0.005,0.007,0.005,0.01,0.008,0.009,0.006,0.009,0.007,0.009,0.004,0.007
691,0.009,0.006,0.004,0.012,0.004,0.007,0.012,0.006,0.011,0.005,0.008,0.005,0.008,0.008,0.009,0.007,0.011,0.009,0.007,0.005,0.007
692,0.005,0.003,0.002,0.009,0.002,0.006,0.01,0.002,0.009,0.003,0.004,0.003,0.005,0.004,0.006,0.004,0.009,0.005,0.005,0.002,0.005
693,0.002,0,0.001,0.005,0.001,0.004,0.008,0.001,0.007,0.001,0.002,0.002,0.003,0,0.004,0.001,0.006,0.002,0.002,0.001,0.003
694,0.001,0.001,0.001,0.003,0.001,0.002,0.005,0.001,0.007,0.003,0.001,0.001,0.002,0,0.004,0.001,0.005,0.001,0.002,0,0
695,0.003,0.002,0.002,0.001,0.003,0.002,0.003,0.001,0.008,0.005,0.001,0.002,0.003,0.002,0.003,0.003,0.004,0.001,0.003,0.002,0.001
696,0,-0.001,0.002,0.002,0.002,0.002,0.002,0.001,0.007,0.005,0,0.001,0.004,0.004,0.002,0.001,0.003,-0.001,0,0.001,0
697,0.002,-0.001,0.002,0.004,0.004,0.004,0.005,0.003,0.007,0.003,0,0.002,0.005,0.005,0.003,0.002,0.006,0.001,0.002,0.001,0.002
698,0.002,0,0.002,0.006,0.003,0.003,0.006,0.003,0.008,0.002,0.001,0.002,0.004,0.006,0.004,0.003,0.007,0.002,0.003,0.001,0.003
699,0.003,0.002,0.002,0.005,0.003,0.002,0.005,0.002,0.009,0.001,0.002,0.003,0.002,0.004,0.004,0.005,0.006,0.002,0.004,0.002,0.003
700,0.002,0.001,0.001,0.005,0.002,0.001,0.004,0.003,0.008,0.003,0.002,0.002,0.002,0.003,0.004,0.004,0.004,0,0.002,0.003,0.003
701,0.005,0.004,0.002,0.007,0.003,0.004,0.006,0.006,0.009,0.005,0.004,0.005,0.005,0.005,0.009,0.005,0.006,0.002,0.006,0.006,0.005
702,0.006,0.006,0.003,0.009,0.004,0.006,0.007,0.007,0.009,0.007,0.005,0.008,0.007,0.007,0.011,0.005,0.008,0.005,0.008,0.008,0.006
703,0.005,0.007,0.003,0.008,0.004,0.007,0.008,0.006,0.01,0.007,0.005,0.007,0.007,0.009,0.009,0.004,0.009,0.006,0.007,0.007,0.006
704,0.002,0.002,0.001,0.004,0.001,0.004,0.006,0.003,0.008,0.005,0,0.002,0.004,0.006,0.002,0.001,0.005,0.002,0.001,0.003,0.003
705,0,0,0.002,0.003,0.001,0.001,0.005,0,0.007,0.006,-0.003,-0.001,0.002,0.003,0,0,0.004,0.001,0,0.001,0.004
706,0.001,-0.003,0.002,0.002,0.001,0,0.003,-0.001,0.006,0.006,-0.001,0,0.002,-0.001,0.002,0.001,0.003,0,-0.001,0.001,0.005
707,0.001,0,0.001,0.003,0,0.002,0.003,-0.001,0.008,0.006,0.002,0.002,0.004,0,0.005,0.004,0.005,0.001,0.003,0.004,0.006
708,0,0.001,0.001,0.002,0,0.002,0.005,0,0.008,0.005,0.003,0.002,0.006,0.003,0.005,0.004,0.006,0.002,0.003,0.004,0.004
709,-0.003,0.002,-0.001,0,-0.003,0,0.003,-0.001,0.006,0.002,0.002,0.002,0.005,0.003,0.003,0.002,0.006,-0.001,0.001,0.002,0.002
710,-0.004,0.002,-0.002,0.001,-0.002,-0.001,0.003,0.001,0.005,0.002,0.003,0.001,0.002,0.001,0.004,0.002,0.002,-0.003,0.001,0.001,0.002
711,-0.004,0.002,0,0.004,0.001,0,0.002,0.003,0.005,0.002,0.003,0.001,0.001,-0.001,0.004,0.003,-0.002,-0.002,0.002,0.002,0.003
712,-0.005,0,0.002,0.003,0.001,-0.001,0.002,0,0.007,0.001,0.001,-0.001,-0.001,-0.003,0.003,0.003,-0.003,-0.002,0.004,0.002,0.004
713,-0.004,0.001,0.003,0.003,0.001,-0.001,0,0,0.01,0.001,0.001,0.001,-0.001,-0.002,0.003,0.003,-0.001,-0.002,0.004,0.003,0.005
714,-0.004,0.002,0.003,0.002,0.001,-0.001,-0.001,-0.001,0.006,0.001,0.002,0.002,0,-0.002,0.005,0.002,0,-0.003,0.004,0.003,0.005
715,-0.002,0.002,0.001,0.001,0,-0.003,0,0,0.004,0.001,0,0.001,0.002,-0.004,0.005,0,0,-0.003,0.002,0.003,0.004
716,-0.005,0,-0.002,0.002,0,-0.004,0.001,0,0.005,0,-0.002,-0.001,0.001,-0.007,0.003,-0.002,-0.002,-0.003,0.002,0.002,0.002
717,-0.003,0.002,-0.003,0.005,-0.001,-0.003,0.003,0.001,0.007,0.001,0,0,0.001,-0.005,0.004,0.001,0,-0.002,0.003,0.002,0.002
718,-0.004,0.003,-0.002,0.005,-0.001,-0.002,0.001,-0.002,0.006,0,0.001,0,0.001,-0.003,0.003,0.002,0,-0.002,0.002,0.001,0.003
719,-0.001,0.003,0,0.003,-0.001,0,0.001,-0.002,0.007,0.001,0.001,0.001,0.002,0,0.004,0.001,0.002,0,0.002,0.002,0.002
720,-0.003,0,0,0.004,0.002,0.003,0.002,0,0.008,0,0,0.001,0,0,0.003,0.001,0.003,0,0.002,0.002,0.001
721,-0.001,0.001,0.001,0.005,0.003,0.002,0.003,0.002,0.009,0,0,0.002,0.001,0.002,0.004,0.002,0.006,0.001,0.003,0.003,0.003
722,0.001,0.004,0.003,0.006,0.004,0.001,0.004,0.004,0.011,0.004,0.002,0.003,0.001,0.003,0.004,0.002,0.007,0,0.003,0.005,0.006
723,0.001,0.008,0.005,0.005,0.003,-0.001,0.004,0.005,0.011,0.006,0.002,0.003,0.003,0.002,0.006,0.002,0.005,0,0.003,0.006,0.005
724,0,0.006,0.005,0.004,0.003,0,0.003,0.004,0.01,0.005,0.004,0.001,0.004,-0.001,0.008,0.005,0.003,0,0.006,0.007,0.005
725,-0.003,0.004,0.002,0.002,0.002,0,0.003,0.002,0.008,0.002,0.003,0.001,0.003,-0.001,0.006,0.007,0.002,-0.001,0.005,0.005,0.002
726,0,0.005,0,0.003,0.002,0.001,0.004,0.002,0.009,0.001,0.004,0.003,0.003,0.001,0.004,0.007,0.004,0,0.002,0.003,0.002
727,0.003,0.005,0.001,0.004,0.003,0.005,0.008,0.003,0.01,0.004,0.002,0.004,0.004,0.003,0.005,0.007,0.005,0.003,0.001,0.002,0.001
728,0.002,0.002,0.002,0.003,0.001,0.005,0.007,0.002,0.007,0.003,0,0.002,0.003,0.002,0.005,0.005,0.005,0.002,0.003,0.002,0.002
729,0,0.003,0.004,0.002,0.001,0.001,0.004,0.002,0.006,0.004,-0.001,0.002,0.003,0.002,0.005,0.004,0.006,0.001,0.003,0.005,0.005
730,0,0.004,0.005,0.003,0.001,-0.001,0.002,0,0.007,0.004,0.001,0.003,0.003,0.001,0.004,0.003,0.004,0,0.004,0.005,0.006
731,0,0.005,0.003,0.003,0.002,0,0.002,0.001,0.007,0.005,0.003,0.003,0.005,0,0.003,0.002,0.003,0.001,0.004,0.004,0.004
732,-0.001,0.002,0,0.001,-0.002,-0.002,0.002,-0.001,0.005,0.001,0.001,0,0.003,-0.001,0,-0.001,0.002,-0.001,0.001,-0.001,-0.002
733,-0.001,0.002,-0.003,0.001,-0.003,-0.003,0.001,0.001,0.003,0,-0.001,-0.001,0.003,0.002,0,-0.003,0.003,-0.002,-0.002,-0.004,-0.004
734,0.002,0,-0.001,0.003,-0.002,-0.001,0,0.002,0.004,0.001,-0.002,-0.001,0.002,0.004,0.002,-0.003,0.005,-0.001,-0.002,-0.003,-0.003
735,0.004,-0.001,0,0.003,0.001,0,0,0.001,0.002,0.003,-0.001,0.001,0,0.004,0.003,-0.001,0.005,-0.001,-0.001,-0.002,0.001
736,0.002,-0.001,0.002,0.001,0.002,0.002,-0.001,0.002,0.004,0.002,0.003,0.003,0.001,0.003,0.004,0.001,0.006,-0.001,0.001,0.001,0.003
737,-0.003,0.002,-0.001,0.001,0,0,0,0.003,0.004,0.002,0.003,0.003,0.002,0,0.005,0.003,0.004,-0.002,0.002,0.002,0.003
738,-0.003,0.003,0.001,0.004,0,0.002,0.002,0.003,0.008,0.003,0.002,0.004,0.004,0.002,0.006,0.006,0.006,-0.002,0.003,0.004,0.004
739,-0.002,0.004,0.001,0.005,0.001,0.002,0.005,0.002,0.008,0.003,0.002,0.003,0.005,0.001,0.007,0.006,0.007,0,0.004,0.004,0.003
740,0,0.004,0.001,0.006,0.002,0.004,0.007,0.003,0.009,0.004,0.005,0.005,0.009,0.002,0.009,0.007,0.007,0.002,0.006,0.005,0.003
741,0,0.004,0,0.007,0.004,0.004,0.009,0.004,0.009,0.003,0.005,0.005,0.01,0.002,0.009,0.005,0.005,0.002,0.005,0.005,0.005
742,0.001,0.004,0.003,0.006,0.006,0.005,0.009,0.002,0.01,0.002,0.004,0.004,0.009,0.004,0.008,0.004,0.003,0.002,0.006,0.005,0.006
743,0.003,0.004,0.005,0.006,0.006,0.005,0.006,0.001,0.012,0.002,0.005,0.004,0.008,0.004,0.007,0.006,0.004,0.003,0.007,0.004,0.008
744,0.004,0.004,0.002,0.007,0.003,0.004,0.005,0.003,0.011,0.002,0.006,0.005,0.008,0.004,0.006,0.007,0.006,0.003,0.005,0.003,0.005
745,0.003,0.004,0,0.009,0.004,0.003,0.006,0.003,0.011,0.002,0.004,0.006,0.009,0.003,0.006,0.007,0.006,0.004,0.005,0.003,0.004
746,0.004,0.004,0.002,0.009,0.005,0.003,0.006,0.003,0.009,0.005,0.005,0.005,0.009,0.004,0.007,0.006,0.007,0.005,0.005,0.003,0.003
747,0.004,0.003,0.003,0.007,0.004,0.004,0.006,0.002,0.007,0.005,0.007,0.003,0.007,0.004,0.007,0.005,0.005,0.004,0.006,0.003,0.005
748,0.003,0,0.001,0.005,0.002,0.003,0.004,0.003,0.005,0.002,0.006,0.001,0.003,0.004,0.006,0.004,0.003,0.001,0.002,0.001,0.005
749,0.002,0.001,0,0.002,0.002,0.003,0.003,0.002,0.002,0.001,0.003,0.001,0.001,0.002,0.001,0.001,0.003,0.001,0.001,0.001,0.004
750,0,0,0,0,0,0,0,0,0,0,0,0,0,0,0,0,0,0,0,0,0
751,-0.001,0,-0.002,-0.002,0,-0.002,-0.001,-0.002,0.003,-0.001,0,-0.001,0,-0.001,0.001,0,0.001,0,-0.001,0.002,-0.001
752,-0.001,0,-0.003,0.001,-0.001,-0.002,0.001,0,0.006,-0.001,0.001,0,0.001,0.001,0.004,0.004,0.002,0,-0.001,0.003,0
753,0,0,-0.001,0.003,0.001,0,0.004,0.003,0.008,0.001,0.001,0.002,0.002,0,0.005,0.004,0.005,0,0.001,0.003,0.002
754,-0.002,-0.001,0.001,0.003,0,0,0.004,0.002,0.008,0.001,0,0.004,0.002,0,0.005,0.003,0.003,-0.002,0.004,0.002,0.003
755,-0.001,0,0.003,0.002,0.001,0,0.004,0,0.01,0.003,-0.001,0.003,0.002,0.001,0.003,0.001,0.004,-0.002,0.004,0.001,0.002
756,0.002,0,0.004,0.003,0.001,0,0.003,-0.002,0.012,0.005,-0.001,0.001,0.002,0.002,0,0,0.002,-0.003,0.003,0,0.004
757,0,-0.004,0.003,0.001,-0.001,-0.003,-0.001,-0.003,0.009,0.004,-0.002,-0.004,0,-0.001,-0.002,-0.001,-0.001,-0.002,0,-0.004,0.004
758,-0.003,-0.006,-0.001,-0.001,-0.001,-0.006,-0.004,-0.002,0.004,0.002,-0.004,-0.005,-0.001,-0.004,-0.003,-0.001,-0.003,-0.003,0.001,-0.003,0.002
759,-0.004,-0.004,-0.003,0,-0.001,-0.004,-0.003,-0.002,0.003,0.002,-0.003,-0.003,0.001,-0.004,-0.001,0,0,-0.002,0.002,-0.002,0.001
760,-0.002,-0.001,-0.003,0.002,0,-0.002,0.001,-0.001,0.005,0.003,-0.001,-0.002,0.002,-0.002,0,0,0.002,0,0.002,0.001,0.001
761,-0.001,0.002,0,0.001,0.002,0.001,0.003,0.001,0.009,0.004,0.002,0,0.004,-0.001,0.002,0.002,0.001,0.001,0.003,0.001,0.001
762,-0.002,-0.003,-0.002,-0.003,0,-0.004,0,-0.003,0.008,0.001,-0.002,-0.002,0,-0.002,-0.001,0.001,-0.003,-0.003,-0.001,-0.001,-0.002
763,-0.003,-0.006,-0.004,-0.005,-0.002,-0.005,-0.003,-0.006,0.007,0,-0.005,-0.005,0,-0.003,0,0,-0.003,-0.004,-0.001,-0.001,-0.003
764,-0.005,-0.006,-0.005,-0.003,-0.004,-0.005,-0.003,-0.006,0.004,-0.001,-0.004,-0.007,-0.001,-0.004,-0.001,0,-0.003,-0.005,-0.001,-0.001,-0.002
765,-0.004,0,-0.001,0.001,-0.001,0.001,0.001,-0.002,0.007,0,0.001,-0.002,0.003,-0.003,0.001,0.002,-0.002,-0.002,0.002,0.001,0.001
766,-0.003,0.004,0.002,0.005,0,0.003,0.004,0.002,0.008,0.002,0.004,0.002,0.004,-0.001,0.006,0.004,0.001,0,0.004,0.002,0.003
767,0,0.005,0.005,0.008,0.004,0.004,0.004,0.004,0.01,0.005,0.005,0.006,0.006,0.003,0.009,0.006,0.006,0.002,0.004,0.004,0.005
768,0.003,0.005,0.005,0.008,0.004,0.004,0.005,0.003,0.01,0.005,0.004,0.006,0.007,0.004,0.008,0.007,0.007,0.004,0.005,0.005,0.006
769,0.001,0.001,0.002,0.004,0.001,0.002,0.002,0,0.008,0.002,0.002,0.002,0.006,0.002,0.004,0.002,0.004,0.002,0.003,0.002,0.004
770,0,-0.002,0,0.002,0,-0.001,0.001,0,0.005,-0.001,0,0,0.002,0.002,0.003,0,0.002,0,0.003,-0.001,0.002
771,0,-0.003,-0.001,0.002,-0.002,-0.004,0.002,0.001,0.004,0.001,-0.002,-0.001,0,0.001,0.001,0.001,0.003,-0.001,0.001,-0.001,0.001
772,0,0.002,0.001,0.003,0,-0.003,0.004,0.003,0.005,0.004,0.001,0.003,0.001,0,0.002,0.004,0.004,-0.002,0.002,0.001,0.002
773,0.001,0.003,0.001,0,0.001,-0.001,0.004,0.001,0.004,0.003,0,0.004,0.002,-0.002,0.003,0.005,0.003,-0.005,0.003,0.001,0.003
774,-0.001,0.001,0.001,-0.004,0.002,-0.003,0.001,-0.001,0.004,0,-0.001,0.001,0,-0.002,0.004,0.004,0.003,-0.005,0.001,0.001,0.002
775,-0.002,-0.001,0.001,-0.002,0.003,-0.005,-0.001,-0.001,0.006,0.001,-0.002,-0.002,0.001,-0.001,0.004,0.004,0.002,-0.001,0.001,0.002,0.002
776,-0.004,0,0.002,0.001,0.003,-0.003,0.001,-0.001,0.009,0.004,0.001,-0.002,0.002,-0.002,0.003,0.004,0.001,0.002,0,0.002,0.002
777,-0.001,0.001,0.002,0.005,0.004,-0.001,0.004,0.002,0.009,0.006,0.004,0.001,0.005,-0.002,0.003,0.004,0.001,0.002,0.004,0.003,0.005
778,-0.002,0.003,0,0.006,0.001,-0.002,0.005,0.003,0.007,0.003,0.004,0,0.004,-0.002,0.002,0.003,0.003,0.002,0.004,0.002,0.003
779,-0.002,0.003,0.002,0.007,-0.001,-0.002,0.004,0.003,0.005,0.001,0.002,0.001,0.005,-0.001,0.002,0.002,0.003,0.002,0.004,0,0.001
780,-0.001,0,0.001,0.007,0,0,0.004,0.001,0.005,0.002,0.002,-0.001,0.005,0,0.002,0.002,0.005,0.003,0.003,0,0.002
781,0.005,-0.002,0.003,0.008,0.001,0.002,0.005,-0.001,0.008,0.003,0.004,0.001,0.007,0.002,0.006,0.002,0.008,0.005,0.004,0.002,0.004
782,0.003,-0.002,0.002,0.007,0,0.001,0.004,-0.003,0.009,0.003,0.002,0.001,0.007,0.002,0.006,0.002,0.006,0.004,0.002,0.003,0.005
783,-0.001,-0.002,0,0.003,-0.004,0,0.001,-0.002,0.005,0.001,-0.001,-0.001,0.004,0.001,0.003,0,0.002,0,-0.001,0,0.002
784,-0.002,-0.003,-0.002,-0.001,-0.004,-0.003,0,-0.003,0.003,0.003,-0.001,-0.003,0.002,-0.001,0,-0.003,-0.001,-0.001,-0.003,-0.002,0.002
785,-0.001,-0.002,-0.001,-0.002,-0.002,-0.006,0,-0.002,0.004,0.004,0,-0.002,0.003,-0.002,0.001,-0.003,0.001,-0.001,-0.003,0,0.002
786,-0.001,0.002,0.001,0.002,0.003,-0.003,0.003,0,0.005,0.003,-0.001,0.001,0.005,-0.002,0.003,-0.001,0.002,0.001,0,0.003,0.005
787,-0.003,0.003,0.001,0.002,0.002,-0.001,0.004,0.002,0.005,0.001,-0.002,0.002,0.005,-0.002,0.003,0,0.001,0,-0.001,0,0.002
788,-0.004,-0.001,-0.002,-0.001,-0.001,-0.002,0.002,-0.001,0.002,-0.002,-0.002,-0.001,0.002,-0.003,0.001,0,-0.003,-0.001,-0.002,-0.005,-0.001
789,0,0,-0.001,-0.001,0,0.001,0.003,0.001,0.006,0.001,0,-0.001,0.006,0.001,0.005,0.003,0,0.001,0,-0.001,0.002
790,0.002,0.002,0.002,0.002,0.002,-0.001,0.003,0.002,0.01,0.003,0.004,0.001,0.004,0.002,0.006,0.005,0.003,0.002,0.005,0.002,0.003
791,-0.003,0.001,0.003,0.002,0,-0.002,0.001,0.001,0.012,0.002,0.002,0,0.001,-0.002,0.004,0.005,-0.001,-0.001,0.004,0,0.001
792,-0.008,-0.004,-0.002,0,-0.001,-0.005,-0.004,-0.002,0.01,0,-0.001,-0.003,-0.001,-0.007,0.001,0.003,-0.007,-0.007,-0.001,-0.002,0
793,-0.007,-0.004,-0.002,-0.002,0.003,-0.004,-0.003,-0.002,0.01,0.001,-0.004,-0.001,0.004,-0.002,0.005,0.004,-0.005,-0.006,0.002,0.002,0.004
794,-0.003,-0.001,0.001,-0.001,0.007,0,-0.001,-0.003,0.011,0.003,0,0.001,0.005,0.001,0.009,0.005,0,-0.004,0.006,0.003,0.007
795,-0.001,-0.002,-0.001,-0.002,0.003,0,-0.001,-0.003,0.006,0.001,-0.002,-0.002,0.001,-0.003,0.005,0.003,-0.002,-0.006,0.001,-0.002,0.001
796,0,-0.001,-0.001,0.001,-0.002,0,0,-0.002,0.004,0,0,-0.003,0,-0.005,0.003,0.001,-0.003,-0.006,0,-0.003,-0.003
797,0.001,0.004,0.002,0.005,0.001,0.001,0.004,0,0.007,-0.001,-0.001,-0.001,0.003,-0.001,0.004,0.004,0,-0.001,0.007,0.003,-0.001
798,-0.002,0.006,0.004,0.009,0.004,0.002,0.006,0.001,0.01,-0.001,0.002,0.004,0.005,0.001,0.008,0.008,0.004,0.001,0.008,0.007,0.004
799,-0.002,0.006,0.006,0.009,0.008,0.004,0.007,0.004,0.011,0.002,0.003,0.004,0.004,0.001,0.011,0.012,0.007,0.003,0.009,0.009,0.009
800,0.002,0.006,0.005,0.009,0.008,0.007,0.006,0.004,0.01,0.005,0.006,0.003,0.008,0.004,0.01,0.011,0.008,0.005,0.01,0.007,0.011
801,0.011,0.007,0.005,0.01,0.008,0.008,0.008,0.005,0.01,0.01,0.008,0.003,0.012,0.008,0.01,0.008,0.01,0.007,0.01,0.007,0.008
802,0.014,0.011,0.002,0.01,0.005,0.008,0.014,0.006,0.009,0.013,0.009,0.008,0.015,0.012,0.01,0.007,0.011,0.009,0.006,0.008,0.009
803,0.011,0.01,0.004,0.011,0.006,0.013,0.017,0.007,0.01,0.01,0.01,0.011,0.014,0.012,0.012,0.008,0.014,0.012,0.007,0.007,0.01
804,0,0.003,-0.001,0.004,0.001,0.009,0.011,0.002,0.006,0.001,0.005,0.006,0.008,0.004,0.006,0.002,0.006,0.007,0.001,0.001,0.002
805,-0.003,-0.005,-0.005,0.001,-0.003,0.003,0.005,0,0.003,-0.001,-0.001,-0.001,0.004,-0.002,0.004,-0.002,0.003,0.001,-0.005,-0.003,-0.003
806,0,-0.006,-0.002,0.003,-0.001,-0.003,0.003,-0.001,0.004,0.001,-0.006,-0.002,0.006,0,0.003,-0.001,0.006,0.004,-0.004,-0.001,-0.002
807,0.004,-0.005,0.001,0.008,0.004,0.002,0.005,0.002,0.008,0.003,-0.002,0.003,0.009,0.002,0.006,0.003,0.01,0.008,0.005,0.003,0.002
808,0.001,-0.001,-0.001,0.004,0.001,0.002,0.004,-0.003,0.009,0.002,-0.002,0.003,0.004,0,0.006,0,0.006,0.005,0.006,0.002,-0.001
809,-0.003,0.003,-0.004,0.002,-0.001,0,0.003,-0.002,0.008,0.002,-0.003,0.002,0.001,-0.001,0.004,-0.004,0.003,0,0.004,-0.001,-0.003
810,-0.003,0.006,0,0,-0.001,-0.001,0.003,0.002,0.009,0.004,0.001,0.004,0.005,0.001,0.006,-0.002,0.004,0.001,0.001,0.003,-0.001
811,-0.004,0.005,0.002,0.002,0.001,-0.001,0.002,0.004,0.007,0.009,0.004,0.006,0.009,0.003,0.006,0.002,0.003,0.001,0.001,0.004,0.003
812,-0.004,0,0.002,0.004,0,-0.002,0.002,-0.003,0.005,0.007,0.003,0,0.005,0,0.004,0.001,-0.001,-0.003,0,0.003,0.004
813,-0.005,-0.001,0,0.004,-0.001,-0.003,0.002,-0.004,0.006,0.001,0.002,-0.002,0.001,-0.005,0.005,0.003,-0.004,-0.003,0.001,0,0.006
814,-0.003,-0.001,0.005,0.001,0.001,-0.002,0.001,-0.004,0.01,0,0.006,0.002,0,-0.005,0.008,0.004,-0.003,-0.003,0.003,0.004,0.009
815,0.001,0.002,0.006,0.006,0.004,0,0.004,-0.002,0.012,0.005,0.007,0.007,0.005,0.003,0.012,0.006,0.002,0.001,0.006,0.007,0.01
816,0.001,0,0.003,0.008,0.002,-0.001,0.003,-0.001,0.01,0.005,0.003,0.005,0.004,0.002,0.008,0.002,0.002,0.002,0.004,0.005,0.004
817,-0.001,0.004,0.002,0.009,-0.001,-0.001,0.004,0.005,0.011,0.005,0.004,0.004,0.005,0,0.007,0.005,0.001,0.006,0.002,0.005,0.004
818,-0.001,0.008,0.006,0.01,0.004,0.002,0.005,0.007,0.014,0.004,0.006,0.007,0.005,0,0.008,0.006,0.003,0.006,0.004,0.006,0.008
819,0.001,0.012,0.008,0.011,0.006,0.006,0.007,0.009,0.016,0.005,0.006,0.008,0.007,0.004,0.01,0.009,0.005,0.007,0.008,0.007,0.012
820,0.001,0.007,0.004,0.007,0.004,0.004,0.003,0.004,0.011,0.005,0.003,0.006,0.006,0.003,0.005,0.007,0.003,0.003,0.007,0.003,0.009
821,0,0.003,0.001,0.003,0,0.003,0.003,0.001,0.008,0.004,0.004,0.002,0.004,0,0.004,0.005,0.003,0,0.003,0.003,0.007
822,-0.001,0.002,-0.001,0.002,0,0.004,0.002,-0.002,0.005,0.001,0.004,0.002,0.003,-0.001,0.003,0.003,0.001,-0.002,0.001,0.001,0.003
823,-0.003,0,-0.003,-0.002,-0.004,0,0,-0.005,0.004,-0.001,0.001,-0.001,-0.001,-0.004,0.002,0,-0.003,-0.003,-0.001,0,-0.001
824,-0.003,-0.001,-0.005,-0.003,-0.005,-0.004,-0.002,-0.004,0.002,-0.003,-0.001,-0.003,-0.001,-0.003,0,-0.002,-0.004,-0.005,-0.004,-0.003,-0.004
825,-0.001,0.001,-0.005,0,-0.003,-0.003,0,-0.001,0.003,-0.002,-0.001,-0.002,-0.001,-0.001,0,-0.001,-0.002,-0.004,-0.005,-0.003,-0.003
826,-0.003,-0.001,-0.005,0,-0.002,-0.001,-0.001,0,0.003,-0.003,-0.002,-0.002,0,-0.002,-0.001,0,-0.003,-0.003,-0.004,-0.004,-0.002
827,-0.003,-0.004,-0.004,0,-0.003,0.002,-0.002,-0.002,0.003,-0.005,-0.003,-0.002,0,-0.002,0,0,-0.001,-0.003,0,-0.003,0.001
828,-0.001,-0.005,-0.002,0.001,-0.003,0.005,-0.001,-0.003,0.003,-0.005,-0.001,-0.002,0.003,0.002,0.002,0.002,0.001,-0.002,0.002,-0.001,0.003
829,0.003,-0.001,0,0.003,0,0.008,0.002,-0.002,0.005,-0.002,0.003,-0.002,0.005,0.005,0.004,0.005,0.004,0,0.003,0.002,0.006
830,0,-0.003,-0.001,0,0.001,0.005,0.001,-0.004,0.004,0,0.001,-0.003,0.003,0.003,0.002,0.002,0.002,-0.002,-0.002,0,0.002
831,-0.001,-0.001,0.001,-0.001,0,0,0.001,-0.001,0.005,0.003,0.002,0,0.001,0.002,0.002,0,0.003,-0.002,-0.002,-0.001,0
832,-0.002,0.002,0.003,-0.002,-0.002,-0.004,-0.002,-0.001,0.008,0.002,0.003,0.001,0.001,0,0.002,0.001,0.004,-0.001,-0.002,0.001,-0.003
833,-0.003,0.001,0.003,-0.001,-0.002,-0.001,-0.002,-0.001,0.012,0.001,0.002,0.001,0.002,-0.004,0.004,0.004,0.003,-0.002,0.001,0.003,0.001
834,-0.004,-0.004,0.001,-0.003,0,0.001,-0.001,-0.003,0.011,0,-0.004,-0.002,0,-0.004,0.004,0.004,0,-0.004,0.002,0.002,0
835,-0.005,-0.004,0,-0.003,0.004,0.002,0.003,-0.002,0.008,0.004,-0.001,0,0.002,0,0.004,0.004,0.002,-0.002,0.004,0.003,0.005
836,-0.007,-0.001,-0.002,-0.006,0,-0.002,-0.002,-0.006,0.002,0.003,-0.001,-0.003,0.001,-0.001,0.001,-0.002,0,-0.006,0.001,0.001,0
837,-0.006,-0.001,-0.001,-0.004,-0.002,-0.006,-0.005,-0.007,0.003,0.004,0,-0.003,0.002,-0.006,0,-0.004,-0.002,-0.008,0.001,0,0
838,-0.002,-0.001,0.005,0,0,-0.004,-0.001,-0.002,0.008,0.002,0.001,-0.002,0.006,-0.004,0.003,0,-0.003,-0.003,0.005,0.003,0.001
839,0.002,-0.002,0.004,0.003,-0.002,0.002,0.005,0.003,0.008,0,0,0.002,0.007,-0.002,0.005,0.003,-0.003,0.003,0.003,0.001,0.005
840,-0.002,-0.002,0.001,0.002,-0.003,0.001,0.003,0.001,0.006,-0.002,-0.005,0.003,0.004,0.001,0.007,0,-0.003,0.003,0,-0.001,0.004