wavelength,im1,im2,im3,im4,im5,im6,im7,im8,im9,im10,im11,im12,im13,im14,im15,im16,im17,im18,im19,im20,im21
190,0.018,0.011,0.031,0.029,0.005,0,0.007,-0.007,0.002,-0.013,0.001,-0.004,-0.016,0.009,-0.007,-0.013,-0.001,0.029,0.01,-0.053,0.014
191,-0.003,0.006,0.001,0.004,0.005,0.01,-0.002,-0.005,0,-0.01,-0.001,0.004,-0.008,-0.008,-0.009,-0.012,-0.007,0.01,-0.007,-0.01,0.007
192,-0.009,-0.013,-0.015,-0.016,-0.014,-0.017,-0.014,-0.006,-0.011,-0.011,-0.013,-0.009,-0.008,-0.012,-0.012,-0.006,-0.004,-0.015,-0.011,-0.005,-0.013
193,-0.009,-0.016,-0.01,-0.009,-0.009,0.008,-0.014,-0.007,-0.01,-0.014,-0.02,-0.008,-0.015,-0.011,-0.01,-0.009,-0.008,-0.011,-0.01,-0.011,-0.011
194,-0.009,-0.013,-0.01,-0.014,-0.009,0,0.008,-0.007,-0.01,-0.014,-0.012,-0.008,-0.015,-0.011,-0.01,-0.009,-0.008,-0.011,-0.01,-0.014,-0.011
195,-0.009,-0.069,-0.01,0.004,-0.009,-0.042,-0.059,-0.011,0.049,0.049,-0.147,-0.008,0.056,-0.011,-0.01,0.053,0.062,-0.011,-0.01,-0.007,-0.011
196,0.053,-0.098,-0.01,-0.076,-0.007,-0.149,-0.112,-0.021,0.011,-0.027,-0.205,-0.019,-0.085,0.03,-0.022,-0.018,-0.07,-0.002,0.024,-0.062,0.053
197,-0.046,-0.168,0.002,-0.073,0.072,-0.313,-0.174,-0.1,-0.1,-0.149,-0.117,0.074,-0.106,-0.051,-0.002,-0.188,-0.152,-0.01,0.03,-0.097,-0.049
198,-0.099,-0.128,-0.023,-0.106,-0.143,-0.439,-0.079,-0.177,-0.38,-0.377,-0.077,-0.129,-0.254,-0.026,-0.093,-0.502,-0.046,0.012,-0.317,-0.228,-0.118
199,-0.38,-0.207,-0.191,-0.192,-0.415,-0.536,-0.297,-0.247,-0.562,-0.521,-0.242,-0.574,-0.443,-0.213,-0.173,-0.662,-0.214,-0.147,-0.444,-0.352,-0.413
200,-0.639,-0.275,-0.421,-0.422,-0.581,-0.485,-0.695,-0.262,-0.652,-0.638,-0.492,-0.821,-0.651,-0.446,-0.482,-0.822,-0.566,-0.302,-0.45,-0.522,-0.697
201,-0.912,-0.453,-0.602,-0.626,-0.645,-0.558,-0.933,-0.226,-0.678,-0.483,-0.729,-0.876,-0.839,-0.777,-0.594,-1.067,-0.978,-0.531,-0.287,-0.588,-0.687
202,-0.875,-0.34,-0.58,-0.445,-0.355,-0.553,-0.935,-0.175,-0.61,-0.312,-0.643,-0.59,-0.675,-0.848,-0.486,-0.969,-1.054,-0.58,-0.136,-0.618,-0.516
203,-0.643,-0.147,-0.276,-0.091,-0.236,-0.568,-0.492,0.004,-0.428,-0.148,-0.399,-0.431,-0.395,-0.475,-0.489,-0.641,-0.728,-0.567,-0.208,-0.474,-0.204
204,-0.012,0.079,0.285,0.315,0.21,-0.16,0.123,0.309,0.082,0.292,0.224,-0.069,0.08,0.044,-0.057,0.197,-0.211,-0.122,0.146,-0.237,-0.094
205,0.359,0.232,0.527,0.386,0.525,0.161,0.417,0.493,0.389,0.278,0.377,0.171,0.168,0.239,0.098,0.424,0.127,0.254,0.356,-0.101,-0.182
206,0.232,0.197,0.37,0.485,0.398,0.138,0.537,0.523,0.527,0.267,0.139,0.427,0.143,0.007,0.329,0.279,0.297,0.452,0.425,0.137,-0.2
207,0.156,0.258,0.216,0.35,0.141,0.158,0.346,0.329,0.41,0.115,-0.032,0.38,0.037,-0.109,0.427,0.129,0.366,0.378,0.238,0.192,-0.027
208,-0.116,0.104,-0.067,0.08,-0.206,-0.044,-0.135,0.11,0.154,-0.076,-0.205,0.131,-0.09,-0.189,0.109,-0.163,0.119,0.044,0.011,0.132,0.06
209,0.059,0.082,-0.017,-0.043,-0.251,0.049,-0.193,0.123,0.141,0.098,0.15,0.105,-0.002,0.036,-0.068,-0.133,0.11,0.023,0.011,0.019,0.119
210,-0.017,-0.004,-0.064,-0.09,-0.053,0.032,-0.253,-0.127,-0.037,-0.053,0.068,-0.05,-0.058,0.149,-0.213,-0.176,0.079,-0.029,-0.11,-0.03,0.038
211,-0.037,0.108,-0.012,0.225,0.146,0.16,0.023,-0.152,0.056,0.06,0.214,0.082,0.222,0.159,-0.023,-0.007,0.23,0.128,0.133,0.138,0.161
212,0.039,0.196,0.228,0.415,0.063,0.377,0.426,-0.091,0.182,0.159,0.297,0.253,0.386,0.266,0.214,0.244,0.439,0.281,0.169,0.309,0.328
213,-0.131,0.137,0.095,0.104,-0.182,0.131,0.218,-0.012,0.098,-0.026,0.218,0.205,0.2,-0.01,0.158,0.028,0.209,0.201,-0.002,0.096,0.161
214,-0.334,-0.118,-0.226,-0.213,-0.506,-0.256,0.183,-0.207,-0.14,-0.221,-0.245,-0.133,-0.333,-0.487,-0.12,-0.277,-0.077,-0.051,-0.334,-0.146,-0.067
215,-0.837,-0.543,-0.745,-0.734,-0.768,-0.734,-0.408,-0.752,-0.61,-0.752,-0.715,-0.67,-0.854,-0.866,-0.736,-0.766,-0.508,-0.553,-0.936,-0.69,-0.558
216,-1.043,-0.755,-1.152,-0.988,-0.711,-1.171,-0.761,-0.951,-0.935,-0.998,-1.054,-0.922,-0.903,-1.141,-0.959,-0.987,-0.929,-0.878,-0.991,-0.88,-0.733
217,-1.558,-1.447,-1.742,-1.624,-1.347,-1.871,-1.534,-1.565,-1.779,-1.652,-1.63,-1.575,-1.404,-1.673,-1.629,-1.759,-1.563,-1.58,-1.625,-1.509,-1.475
218,-2.278,-2.354,-2.472,-2.539,-2.221,-2.608,-2.527,-2.361,-2.719,-2.441,-2.42,-2.522,-2.446,-2.393,-2.512,-2.67,-2.659,-2.436,-2.499,-2.431,-2.588
219,-2.454,-2.771,-2.738,-2.822,-2.705,-2.83,-2.619,-2.917,-3.129,-2.834,-2.904,-3.077,-3.022,-2.72,-2.871,-3.058,-3.128,-2.793,-2.747,-2.736,-3.069
220,-2.113,-2.332,-2.189,-2.272,-2.372,-2.185,-2.238,-2.533,-2.515,-2.385,-2.306,-2.639,-2.534,-2.133,-2.452,-2.531,-2.59,-2.403,-2.346,-2.345,-2.596
221,-1.298,-1.406,-1.398,-1.337,-1.402,-1.359,-1.324,-1.482,-1.495,-1.532,-1.425,-1.559,-1.453,-1.266,-1.438,-1.428,-1.654,-1.522,-1.354,-1.403,-1.509
222,-0.922,-0.915,-0.952,-0.916,-0.924,-0.98,-0.903,-0.886,-0.97,-1.04,-0.909,-0.909,-0.855,-0.908,-0.871,-0.876,-0.918,-0.924,-0.861,-0.904,-0.911
223,-0.973,-0.955,-0.95,-0.95,-0.946,-0.934,-0.992,-0.901,-0.939,-0.9,-0.956,-0.897,-0.962,-0.938,-0.944,-0.885,-0.908,-0.908,-0.969,-0.962,-0.936
224,-1.107,-1.086,-1.101,-1.093,-1.101,-1.077,-1.098,-1.077,-1.078,-1.072,-1.078,-1.077,-1.094,-1.08,-1.089,-1.063,-1.097,-1.073,-1.103,-1.083,-1.105
225,-1.107,-1.086,-1.109,-1.081,-1.1,-1.065,-1.066,-1.096,-1.077,-1.069,-1.089,-1.089,-1.078,-1.104,-1.097,-1.088,-1.109,-1.077,-1.094,-1.085,-1.098
226,-1.051,-1.046,-1.065,-1.034,-1.05,-1.038,-1.039,-1.063,-1.041,-1.032,-1.061,-1.039,-1.027,-1.066,-1.049,-1.034,-1.068,-1.045,-1.066,-1.039,-1.056
227,-0.954,-0.955,-0.961,-0.927,-0.927,-0.944,-0.948,-0.957,-0.933,-0.947,-0.96,-0.936,-0.934,-0.964,-0.938,-0.935,-0.939,-0.948,-0.952,-0.948,-0.925
228,-0.717,-0.721,-0.722,-0.693,-0.711,-0.716,-0.716,-0.712,-0.698,-0.694,-0.71,-0.72,-0.685,-0.708,-0.683,-0.721,-0.701,-0.698,-0.7,-0.728,-0.703
229,-0.344,-0.347,-0.336,-0.329,-0.357,-0.35,-0.342,-0.317,-0.317,-0.333,-0.337,-0.357,-0.29,-0.32,-0.31,-0.34,-0.336,-0.319,-0.31,-0.341,-0.333
230,0.1,0.088,0.094,0.108,0.078,0.094,0.093,0.113,0.117,0.095,0.086,0.08,0.142,0.108,0.102,0.082,0.097,0.111,0.145,0.1,0.093
231,0.514,0.48,0.498,0.501,0.487,0.494,0.484,0.512,0.509,0.493,0.481,0.497,0.502,0.51,0.487,0.485,0.481,0.505,0.525,0.491,0.478
232,0.785,0.757,0.764,0.766,0.771,0.779,0.769,0.775,0.78,0.773,0.75,0.768,0.735,0.765,0.756,0.755,0.761,0.778,0.785,0.756,0.769
233,0.975,0.967,0.957,0.973,0.956,0.977,0.978,0.972,0.968,0.984,0.953,0.958,0.931,0.958,0.957,0.965,0.955,0.977,0.971,0.956,0.978
234,1.053,1.051,1.039,1.049,1.036,1.057,1.072,1.062,1.045,1.057,1.041,1.041,1.033,1.045,1.048,1.05,1.049,1.064,1.06,1.054,1.07
235,1.001,1.008,0.995,1.009,0.998,1.009,1.019,1.005,0.998,1.003,0.998,0.996,1.002,0.998,1,1.002,1.007,1.013,1.019,1.006,1.019
236,0.862,0.848,0.862,0.865,0.859,0.858,0.876,0.866,0.854,0.859,0.866,0.857,0.866,0.859,0.859,0.862,0.861,0.865,0.865,0.859,0.865
237,0.662,0.656,0.664,0.665,0.664,0.657,0.669,0.667,0.66,0.661,0.67,0.661,0.666,0.66,0.668,0.666,0.667,0.67,0.664,0.666,0.667
238,0.491,0.49,0.495,0.5,0.493,0.489,0.497,0.5,0.495,0.494,0.498,0.495,0.499,0.491,0.498,0.501,0.498,0.498,0.497,0.497,0.498
239,0.364,0.365,0.367,0.372,0.369,0.365,0.37,0.371,0.37,0.367,0.371,0.366,0.37,0.367,0.37,0.373,0.37,0.37,0.371,0.37,0.372
240,0.271,0.273,0.273,0.277,0.275,0.271,0.277,0.275,0.275,0.273,0.275,0.271,0.273,0.273,0.276,0.278,0.273,0.275,0.275,0.274,0.276
241,0.202,0.203,0.203,0.208,0.207,0.203,0.207,0.206,0.207,0.204,0.208,0.202,0.205,0.204,0.207,0.208,0.204,0.207,0.205,0.205,0.209
242,0.153,0.155,0.155,0.16,0.158,0.155,0.158,0.159,0.16,0.156,0.159,0.155,0.157,0.156,0.158,0.159,0.156,0.159,0.156,0.156,0.161
243,0.121,0.121,0.122,0.125,0.125,0.121,0.125,0.126,0.126,0.123,0.126,0.121,0.124,0.122,0.124,0.127,0.123,0.126,0.123,0.122,0.127
244,0.098,0.098,0.099,0.102,0.102,0.098,0.102,0.102,0.103,0.099,0.102,0.099,0.1,0.099,0.101,0.104,0.1,0.103,0.101,0.098,0.103
245,0.081,0.081,0.081,0.085,0.085,0.082,0.084,0.084,0.086,0.082,0.084,0.082,0.083,0.082,0.084,0.087,0.083,0.085,0.084,0.081,0.086
246,0.065,0.066,0.065,0.07,0.069,0.066,0.068,0.068,0.07,0.065,0.068,0.066,0.067,0.066,0.069,0.071,0.067,0.07,0.069,0.066,0.069
247,0.053,0.054,0.054,0.058,0.056,0.054,0.056,0.057,0.058,0.053,0.056,0.054,0.054,0.054,0.057,0.058,0.055,0.057,0.057,0.054,0.057
248,0.045,0.045,0.046,0.049,0.048,0.046,0.049,0.048,0.05,0.045,0.048,0.045,0.046,0.046,0.049,0.05,0.047,0.049,0.048,0.046,0.049
249,0.04,0.04,0.041,0.045,0.044,0.041,0.044,0.043,0.045,0.04,0.043,0.041,0.042,0.042,0.044,0.045,0.042,0.044,0.044,0.041,0.044
250,0.037,0.037,0.038,0.041,0.041,0.038,0.04,0.04,0.042,0.037,0.04,0.038,0.039,0.039,0.04,0.041,0.039,0.041,0.041,0.038,0.042
251,0.032,0.033,0.033,0.037,0.037,0.033,0.036,0.036,0.038,0.033,0.035,0.032,0.034,0.034,0.035,0.037,0.034,0.038,0.036,0.034,0.037
252,0.028,0.028,0.028,0.032,0.032,0.028,0.031,0.032,0.033,0.028,0.03,0.027,0.03,0.029,0.031,0.032,0.03,0.033,0.031,0.029,0.032
253,0.024,0.024,0.025,0.028,0.027,0.024,0.027,0.028,0.03,0.024,0.027,0.023,0.027,0.025,0.027,0.028,0.027,0.028,0.027,0.026,0.028
254,0.021,0.021,0.022,0.026,0.026,0.022,0.025,0.026,0.028,0.022,0.026,0.023,0.025,0.024,0.025,0.027,0.025,0.026,0.026,0.023,0.026
255,0.021,0.02,0.021,0.024,0.025,0.022,0.024,0.024,0.027,0.021,0.025,0.023,0.024,0.023,0.024,0.026,0.024,0.024,0.025,0.022,0.025
256,0.019,0.018,0.02,0.023,0.024,0.021,0.022,0.022,0.025,0.019,0.023,0.021,0.021,0.022,0.022,0.026,0.022,0.024,0.024,0.02,0.024
257,0.018,0.016,0.018,0.021,0.022,0.018,0.021,0.02,0.023,0.018,0.021,0.019,0.02,0.02,0.021,0.024,0.02,0.022,0.021,0.019,0.023
258,0.016,0.015,0.017,0.019,0.02,0.016,0.019,0.018,0.021,0.016,0.02,0.017,0.019,0.019,0.02,0.021,0.018,0.02,0.02,0.018,0.021
259,0.013,0.013,0.015,0.017,0.018,0.014,0.016,0.017,0.019,0.014,0.018,0.015,0.016,0.016,0.018,0.019,0.016,0.018,0.019,0.015,0.018
260,0.01,0.011,0.012,0.015,0.015,0.012,0.014,0.014,0.018,0.011,0.015,0.012,0.013,0.013,0.016,0.016,0.014,0.015,0.016,0.013,0.016
261,0.009,0.009,0.01,0.014,0.014,0.011,0.013,0.013,0.017,0.01,0.014,0.011,0.012,0.012,0.014,0.015,0.014,0.015,0.015,0.012,0.015
262,0.009,0.009,0.009,0.013,0.015,0.01,0.013,0.013,0.016,0.009,0.013,0.011,0.012,0.012,0.013,0.015,0.013,0.015,0.013,0.012,0.014
263,0.01,0.01,0.009,0.013,0.015,0.01,0.013,0.014,0.015,0.009,0.013,0.011,0.012,0.012,0.014,0.015,0.013,0.015,0.014,0.012,0.014
264,0.011,0.01,0.01,0.014,0.015,0.011,0.013,0.014,0.016,0.01,0.014,0.011,0.012,0.013,0.014,0.015,0.014,0.015,0.014,0.013,0.014
265,0.011,0.01,0.011,0.013,0.014,0.011,0.013,0.014,0.016,0.011,0.014,0.011,0.011,0.013,0.014,0.015,0.013,0.015,0.014,0.012,0.014
266,0.011,0.009,0.011,0.014,0.014,0.01,0.013,0.013,0.016,0.011,0.013,0.011,0.011,0.013,0.014,0.015,0.013,0.014,0.014,0.012,0.014
267,0.009,0.008,0.009,0.012,0.013,0.009,0.012,0.012,0.015,0.01,0.012,0.009,0.01,0.011,0.013,0.013,0.011,0.013,0.013,0.01,0.013
268,0.008,0.008,0.007,0.011,0.012,0.008,0.011,0.01,0.013,0.008,0.01,0.008,0.009,0.009,0.012,0.012,0.01,0.011,0.012,0.008,0.012
269,0.008,0.007,0.007,0.011,0.011,0.007,0.011,0.01,0.013,0.007,0.01,0.008,0.009,0.009,0.011,0.012,0.01,0.012,0.012,0.009,0.011
270,0.009,0.008,0.008,0.011,0.012,0.008,0.012,0.011,0.013,0.008,0.011,0.009,0.01,0.01,0.011,0.013,0.011,0.012,0.012,0.01,0.012
271,0.01,0.008,0.008,0.012,0.012,0.009,0.012,0.011,0.013,0.008,0.012,0.01,0.011,0.01,0.011,0.014,0.011,0.012,0.012,0.01,0.013
272,0.01,0.008,0.009,0.011,0.013,0.009,0.012,0.011,0.013,0.008,0.012,0.01,0.01,0.01,0.011,0.013,0.011,0.012,0.012,0.011,0.014
273,0.009,0.008,0.008,0.012,0.013,0.009,0.012,0.011,0.014,0.008,0.012,0.01,0.01,0.01,0.012,0.013,0.012,0.013,0.012,0.011,0.014
274,0.009,0.008,0.008,0.011,0.013,0.008,0.01,0.011,0.013,0.007,0.012,0.009,0.009,0.01,0.011,0.012,0.012,0.012,0.012,0.01,0.013
275,0.008,0.007,0.008,0.011,0.013,0.008,0.01,0.011,0.013,0.007,0.012,0.008,0.009,0.01,0.011,0.011,0.011,0.011,0.012,0.009,0.012
276,0.008,0.007,0.007,0.01,0.013,0.008,0.01,0.011,0.012,0.007,0.011,0.008,0.01,0.01,0.011,0.012,0.011,0.011,0.012,0.009,0.012
277,0.008,0.007,0.007,0.01,0.012,0.008,0.011,0.011,0.012,0.008,0.011,0.008,0.01,0.01,0.011,0.012,0.011,0.011,0.011,0.009,0.012
278,0.008,0.008,0.007,0.011,0.013,0.009,0.01,0.011,0.013,0.008,0.011,0.009,0.01,0.011,0.012,0.012,0.011,0.012,0.012,0.01,0.012
279,0.008,0.007,0.007,0.009,0.012,0.008,0.009,0.01,0.012,0.007,0.01,0.008,0.008,0.009,0.01,0.011,0.01,0.012,0.011,0.009,0.012
280,0.007,0.007,0.006,0.008,0.01,0.007,0.009,0.008,0.011,0.005,0.009,0.007,0.006,0.008,0.009,0.01,0.009,0.01,0.011,0.008,0.01
281,0.006,0.006,0.006,0.008,0.01,0.006,0.009,0.007,0.011,0.005,0.009,0.006,0.007,0.008,0.009,0.01,0.008,0.01,0.01,0.008,0.01
282,0.006,0.007,0.006,0.008,0.01,0.006,0.009,0.008,0.012,0.005,0.01,0.007,0.007,0.008,0.009,0.01,0.009,0.009,0.01,0.008,0.01
283,0.007,0.007,0.007,0.009,0.011,0.007,0.009,0.009,0.012,0.006,0.011,0.008,0.009,0.008,0.01,0.011,0.009,0.01,0.01,0.008,0.011
284,0.009,0.007,0.008,0.01,0.012,0.008,0.01,0.01,0.012,0.007,0.011,0.009,0.009,0.009,0.01,0.012,0.01,0.011,0.011,0.009,0.011
285,0.008,0.006,0.007,0.01,0.012,0.007,0.009,0.009,0.012,0.007,0.011,0.008,0.008,0.008,0.011,0.011,0.01,0.011,0.011,0.008,0.011
286,0.007,0.005,0.007,0.009,0.011,0.006,0.008,0.008,0.011,0.006,0.01,0.007,0.007,0.008,0.009,0.011,0.009,0.01,0.009,0.007,0.011
287,0.007,0.004,0.006,0.009,0.011,0.007,0.008,0.008,0.012,0.006,0.01,0.007,0.007,0.008,0.008,0.01,0.009,0.009,0.009,0.007,0.011
288,0.007,0.005,0.006,0.009,0.011,0.007,0.008,0.009,0.012,0.007,0.01,0.007,0.007,0.008,0.008,0.01,0.009,0.01,0.01,0.008,0.011
289,0.008,0.007,0.007,0.01,0.012,0.008,0.01,0.01,0.012,0.008,0.011,0.009,0.008,0.009,0.009,0.011,0.01,0.011,0.011,0.009,0.011
290,0.007,0.007,0.006,0.009,0.012,0.007,0.01,0.009,0.012,0.007,0.01,0.008,0.007,0.008,0.01,0.01,0.009,0.01,0.01,0.008,0.01
291,0.007,0.006,0.006,0.009,0.011,0.006,0.009,0.009,0.011,0.005,0.009,0.007,0.007,0.007,0.008,0.01,0.008,0.009,0.009,0.008,0.009
292,0.008,0.006,0.006,0.009,0.011,0.006,0.009,0.009,0.012,0.006,0.01,0.007,0.008,0.007,0.009,0.01,0.009,0.009,0.01,0.008,0.011
293,0.008,0.006,0.006,0.009,0.011,0.006,0.009,0.008,0.012,0.006,0.01,0.008,0.008,0.007,0.009,0.01,0.01,0.009,0.009,0.008,0.011
294,0.009,0.006,0.006,0.009,0.011,0.005,0.009,0.008,0.011,0.006,0.01,0.008,0.007,0.007,0.009,0.01,0.01,0.009,0.009,0.008,0.011
295,0.007,0.005,0.005,0.008,0.01,0.005,0.008,0.008,0.01,0.005,0.009,0.006,0.006,0.007,0.008,0.009,0.008,0.008,0.008,0.007,0.009
296,0.006,0.004,0.004,0.007,0.009,0.004,0.007,0.007,0.009,0.004,0.008,0.005,0.005,0.006,0.007,0.008,0.007,0.008,0.008,0.006,0.008
297,0.005,0.004,0.003,0.006,0.008,0.004,0.007,0.006,0.008,0.004,0.008,0.004,0.005,0.006,0.006,0.007,0.006,0.008,0.007,0.005,0.008
298,0.005,0.004,0.004,0.006,0.009,0.005,0.008,0.007,0.009,0.004,0.008,0.005,0.006,0.006,0.007,0.007,0.006,0.008,0.008,0.005,0.008
299,0.007,0.004,0.005,0.008,0.01,0.006,0.008,0.009,0.01,0.005,0.009,0.007,0.006,0.007,0.008,0.008,0.008,0.009,0.009,0.006,0.01
300,0.007,0.005,0.006,0.009,0.011,0.007,0.008,0.01,0.011,0.006,0.01,0.008,0.007,0.008,0.01,0.01,0.009,0.01,0.01,0.008,0.011
301,0.009,0.005,0.006,0.009,0.012,0.008,0.009,0.01,0.012,0.007,0.01,0.009,0.007,0.008,0.01,0.011,0.01,0.01,0.01,0.008,0.011
302,0.008,0.006,0.005,0.009,0.012,0.007,0.009,0.009,0.012,0.007,0.009,0.008,0.007,0.009,0.01,0.011,0.009,0.01,0.01,0.008,0.011
303,0.008,0.006,0.005,0.008,0.012,0.007,0.009,0.009,0.012,0.006,0.009,0.008,0.007,0.008,0.011,0.01,0.01,0.01,0.01,0.009,0.011
304,0.009,0.006,0.007,0.009,0.012,0.007,0.009,0.011,0.012,0.006,0.01,0.008,0.008,0.009,0.011,0.011,0.01,0.011,0.01,0.009,0.011
305,0.008,0.006,0.007,0.01,0.012,0.007,0.009,0.011,0.012,0.006,0.01,0.007,0.008,0.008,0.011,0.011,0.01,0.011,0.01,0.008,0.011
306,0.008,0.007,0.007,0.009,0.012,0.007,0.01,0.011,0.012,0.006,0.009,0.008,0.009,0.009,0.011,0.012,0.01,0.01,0.01,0.008,0.011
307,0.008,0.007,0.006,0.008,0.013,0.007,0.01,0.01,0.012,0.006,0.009,0.008,0.008,0.01,0.01,0.011,0.01,0.01,0.01,0.008,0.011
308,0.007,0.006,0.005,0.007,0.012,0.006,0.01,0.01,0.01,0.006,0.009,0.008,0.007,0.009,0.009,0.01,0.009,0.009,0.009,0.008,0.01
309,0.007,0.006,0.005,0.007,0.011,0.006,0.009,0.009,0.01,0.006,0.009,0.008,0.007,0.008,0.009,0.01,0.009,0.009,0.008,0.008,0.009
310,0.005,0.005,0.004,0.007,0.009,0.005,0.007,0.007,0.009,0.005,0.008,0.006,0.006,0.005,0.008,0.008,0.008,0.008,0.007,0.006,0.008
311,0.005,0.004,0.004,0.007,0.009,0.005,0.007,0.007,0.009,0.004,0.007,0.005,0.006,0.005,0.007,0.008,0.007,0.007,0.007,0.006,0.008
312,0.004,0.003,0.004,0.007,0.009,0.004,0.007,0.007,0.009,0.003,0.007,0.005,0.005,0.004,0.007,0.007,0.006,0.007,0.007,0.005,0.008
313,0.006,0.004,0.005,0.008,0.01,0.005,0.009,0.008,0.01,0.005,0.008,0.006,0.005,0.006,0.008,0.008,0.007,0.008,0.008,0.006,0.008
314,0.007,0.005,0.006,0.008,0.011,0.006,0.008,0.009,0.011,0.006,0.009,0.007,0.006,0.007,0.009,0.01,0.008,0.009,0.009,0.007,0.01
315,0.006,0.005,0.005,0.008,0.011,0.006,0.008,0.01,0.011,0.007,0.009,0.007,0.007,0.007,0.009,0.01,0.009,0.009,0.009,0.007,0.01
316,0.007,0.006,0.005,0.009,0.011,0.006,0.008,0.01,0.011,0.006,0.009,0.008,0.008,0.008,0.009,0.011,0.009,0.009,0.008,0.007,0.011
317,0.006,0.005,0.005,0.008,0.01,0.005,0.008,0.009,0.01,0.004,0.007,0.007,0.008,0.007,0.008,0.009,0.009,0.008,0.008,0.006,0.009
318,0.007,0.004,0.005,0.008,0.01,0.005,0.009,0.009,0.011,0.005,0.006,0.007,0.007,0.007,0.008,0.009,0.009,0.008,0.008,0.007,0.008
319,0.008,0.004,0.004,0.008,0.01,0.004,0.008,0.008,0.011,0.004,0.007,0.007,0.006,0.006,0.009,0.009,0.008,0.008,0.008,0.008,0.009
320,0.007,0.004,0.006,0.009,0.01,0.005,0.009,0.008,0.011,0.005,0.007,0.008,0.007,0.007,0.009,0.009,0.008,0.009,0.009,0.008,0.009
321,0.007,0.006,0.006,0.009,0.01,0.006,0.009,0.009,0.011,0.005,0.009,0.008,0.007,0.007,0.01,0.01,0.009,0.009,0.009,0.007,0.01
322,0.007,0.006,0.007,0.01,0.011,0.007,0.01,0.01,0.011,0.006,0.009,0.008,0.008,0.008,0.01,0.01,0.01,0.01,0.01,0.007,0.01
323,0.007,0.005,0.006,0.009,0.011,0.006,0.009,0.009,0.011,0.006,0.008,0.008,0.008,0.008,0.01,0.01,0.009,0.009,0.009,0.008,0.01
324,0.007,0.005,0.004,0.008,0.01,0.005,0.008,0.008,0.01,0.005,0.007,0.007,0.006,0.007,0.008,0.008,0.008,0.007,0.008,0.007,0.009
325,0.005,0.005,0.004,0.007,0.009,0.005,0.007,0.007,0.01,0.005,0.007,0.006,0.004,0.006,0.008,0.007,0.007,0.007,0.008,0.006,0.008
326,0.006,0.005,0.004,0.007,0.009,0.004,0.007,0.007,0.009,0.004,0.006,0.006,0.004,0.005,0.008,0.007,0.007,0.006,0.008,0.005,0.008
327,0.007,0.005,0.005,0.008,0.01,0.006,0.008,0.009,0.01,0.005,0.007,0.007,0.006,0.006,0.008,0.008,0.008,0.008,0.008,0.006,0.01
328,0.008,0.006,0.005,0.009,0.011,0.006,0.008,0.01,0.011,0.006,0.008,0.008,0.007,0.007,0.009,0.009,0.009,0.009,0.009,0.006,0.01
329,0.007,0.006,0.005,0.009,0.011,0.005,0.008,0.009,0.011,0.005,0.008,0.007,0.006,0.007,0.008,0.009,0.009,0.008,0.009,0.006,0.009
330,0.006,0.006,0.005,0.009,0.011,0.005,0.007,0.008,0.011,0.006,0.008,0.006,0.006,0.006,0.009,0.01,0.009,0.008,0.009,0.007,0.009
331,0.007,0.006,0.006,0.01,0.011,0.006,0.008,0.008,0.012,0.005,0.009,0.007,0.007,0.006,0.01,0.01,0.01,0.008,0.009,0.008,0.009
332,0.007,0.006,0.006,0.01,0.011,0.006,0.008,0.009,0.011,0.006,0.009,0.007,0.007,0.007,0.01,0.01,0.009,0.009,0.009,0.008,0.01
333,0.007,0.005,0.006,0.008,0.01,0.005,0.008,0.008,0.01,0.005,0.008,0.007,0.006,0.006,0.008,0.009,0.008,0.008,0.008,0.007,0.009
334,0.006,0.004,0.006,0.007,0.009,0.005,0.007,0.007,0.009,0.004,0.008,0.006,0.005,0.006,0.007,0.008,0.006,0.008,0.007,0.006,0.008
335,0.006,0.004,0.006,0.007,0.009,0.005,0.008,0.008,0.01,0.004,0.008,0.006,0.006,0.007,0.007,0.008,0.006,0.008,0.007,0.006,0.008
336,0.005,0.004,0.005,0.007,0.009,0.005,0.008,0.008,0.01,0.004,0.007,0.006,0.006,0.007,0.007,0.008,0.006,0.008,0.007,0.005,0.008
337,0.005,0.004,0.005,0.008,0.01,0.006,0.008,0.008,0.011,0.004,0.007,0.007,0.006,0.007,0.007,0.009,0.007,0.007,0.008,0.006,0.008
338,0.006,0.005,0.006,0.009,0.011,0.007,0.009,0.009,0.011,0.006,0.008,0.007,0.007,0.008,0.008,0.01,0.009,0.009,0.009,0.007,0.009
339,0.007,0.005,0.006,0.009,0.011,0.009,0.009,0.009,0.012,0.007,0.009,0.007,0.007,0.008,0.009,0.01,0.009,0.009,0.009,0.008,0.009
340,0.007,0.006,0.007,0.009,0.012,0.009,0.01,0.011,0.012,0.007,0.009,0.008,0.008,0.009,0.01,0.01,0.01,0.01,0.01,0.009,0.01
341,0.007,0.006,0.007,0.009,0.011,0.007,0.009,0.009,0.011,0.006,0.008,0.007,0.008,0.008,0.009,0.01,0.01,0.008,0.009,0.008,0.009
342,0.008,0.006,0.007,0.01,0.011,0.007,0.009,0.009,0.012,0.006,0.008,0.008,0.008,0.008,0.009,0.011,0.01,0.009,0.009,0.008,0.01
343,0.009,0.006,0.006,0.01,0.012,0.006,0.009,0.008,0.011,0.006,0.009,0.007,0.007,0.008,0.009,0.011,0.009,0.01,0.01,0.007,0.01
344,0.007,0.004,0.004,0.009,0.01,0.006,0.007,0.006,0.01,0.006,0.008,0.006,0.006,0.007,0.008,0.009,0.008,0.009,0.008,0.006,0.009
345,0.006,0.003,0.004,0.008,0.009,0.006,0.007,0.007,0.01,0.005,0.007,0.005,0.006,0.006,0.008,0.008,0.006,0.008,0.008,0.006,0.008
346,0.005,0.003,0.003,0.007,0.008,0.005,0.007,0.007,0.009,0.004,0.005,0.005,0.006,0.005,0.007,0.007,0.006,0.006,0.007,0.006,0.008
347,0.006,0.004,0.004,0.008,0.009,0.005,0.008,0.007,0.01,0.004,0.007,0.006,0.006,0.006,0.007,0.008,0.008,0.007,0.008,0.006,0.008
348,0.006,0.004,0.005,0.009,0.01,0.006,0.008,0.008,0.009,0.005,0.007,0.006,0.006,0.007,0.007,0.009,0.008,0.008,0.008,0.007,0.009
349,0.005,0.004,0.005,0.008,0.01,0.006,0.008,0.008,0.009,0.005,0.007,0.006,0.006,0.006,0.008,0.009,0.008,0.007,0.008,0.007,0.009
350,0.006,0.004,0.006,0.007,0.011,0.005,0.008,0.008,0.01,0.005,0.007,0.006,0.006,0.006,0.007,0.009,0.007,0.007,0.007,0.007,0.009
351,0.005,0.005,0.006,0.008,0.01,0.005,0.008,0.008,0.01,0.005,0.006,0.006,0.006,0.007,0.008,0.009,0.007,0.007,0.008,0.007,0.009
352,0.007,0.006,0.007,0.01,0.011,0.007,0.009,0.009,0.011,0.005,0.007,0.007,0.007,0.008,0.009,0.01,0.009,0.009,0.009,0.008,0.01
353,0.007,0.006,0.006,0.011,0.011,0.007,0.009,0.009,0.011,0.005,0.008,0.008,0.008,0.008,0.01,0.01,0.009,0.009,0.009,0.008,0.01
354,0.006,0.005,0.005,0.009,0.01,0.007,0.008,0.008,0.01,0.005,0.008,0.007,0.006,0.007,0.009,0.009,0.008,0.008,0.008,0.007,0.009
355,0.006,0.004,0.004,0.007,0.009,0.006,0.007,0.007,0.01,0.005,0.007,0.005,0.004,0.006,0.008,0.008,0.007,0.008,0.007,0.006,0.008
356,0.006,0.004,0.004,0.007,0.009,0.004,0.007,0.006,0.01,0.005,0.006,0.005,0.003,0.004,0.007,0.008,0.006,0.007,0.007,0.005,0.007
357,0.006,0.004,0.004,0.006,0.008,0.004,0.007,0.006,0.009,0.004,0.005,0.005,0.003,0.004,0.007,0.007,0.006,0.007,0.007,0.004,0.007
358,0.004,0.003,0.004,0.006,0.007,0.003,0.006,0.005,0.008,0.004,0.005,0.005,0.003,0.004,0.006,0.006,0.005,0.006,0.006,0.003,0.007
359,0.004,0.003,0.004,0.006,0.007,0.004,0.006,0.005,0.009,0.004,0.005,0.004,0.003,0.005,0.006,0.007,0.006,0.006,0.006,0.004,0.008
360,0.005,0.003,0.003,0.007,0.008,0.004,0.006,0.006,0.008,0.004,0.005,0.005,0.003,0.006,0.006,0.007,0.006,0.007,0.006,0.005,0.008
361,0.005,0.004,0.004,0.007,0.009,0.004,0.006,0.006,0.009,0.004,0.006,0.005,0.004,0.006,0.006,0.008,0.007,0.007,0.007,0.005,0.008
362,0.004,0.003,0.004,0.006,0.008,0.003,0.005,0.006,0.007,0.003,0.005,0.004,0.004,0.005,0.007,0.007,0.006,0.006,0.006,0.004,0.006
363,0.005,0.004,0.004,0.007,0.009,0.003,0.006,0.007,0.008,0.004,0.005,0.004,0.004,0.006,0.007,0.008,0.006,0.006,0.007,0.004,0.007
364,0.006,0.004,0.006,0.009,0.01,0.005,0.007,0.008,0.009,0.006,0.007,0.005,0.006,0.007,0.008,0.008,0.007,0.007,0.009,0.006,0.008
365,0.006,0.004,0.005,0.008,0.01,0.005,0.007,0.008,0.009,0.005,0.006,0.005,0.005,0.006,0.007,0.008,0.007,0.007,0.008,0.006,0.008
366,0.005,0.003,0.004,0.007,0.009,0.004,0.007,0.007,0.009,0.005,0.006,0.005,0.005,0.005,0.007,0.008,0.007,0.007,0.007,0.006,0.008
367,0.005,0.003,0.003,0.006,0.008,0.004,0.006,0.007,0.009,0.004,0.006,0.005,0.004,0.005,0.007,0.007,0.007,0.007,0.006,0.005,0.007
368,0.006,0.004,0.003,0.007,0.008,0.003,0.006,0.007,0.009,0.004,0.006,0.005,0.004,0.005,0.008,0.007,0.007,0.007,0.006,0.005,0.007
369,0.007,0.005,0.004,0.008,0.009,0.004,0.007,0.009,0.01,0.004,0.007,0.006,0.004,0.006,0.008,0.008,0.008,0.007,0.007,0.005,0.008
370,0.007,0.005,0.005,0.008,0.009,0.005,0.007,0.009,0.011,0.004,0.008,0.007,0.005,0.007,0.009,0.009,0.008,0.008,0.007,0.006,0.009
371,0.007,0.005,0.006,0.008,0.01,0.006,0.008,0.009,0.011,0.005,0.008,0.007,0.006,0.007,0.009,0.009,0.008,0.009,0.007,0.007,0.009
372,0.007,0.005,0.006,0.007,0.01,0.006,0.008,0.009,0.01,0.006,0.008,0.008,0.006,0.007,0.009,0.009,0.007,0.009,0.008,0.007,0.009
373,0.005,0.004,0.005,0.007,0.009,0.005,0.007,0.007,0.009,0.005,0.007,0.007,0.005,0.006,0.008,0.009,0.006,0.008,0.008,0.006,0.009
374,0.005,0.003,0.004,0.007,0.008,0.005,0.007,0.007,0.009,0.004,0.006,0.006,0.005,0.006,0.007,0.009,0.006,0.007,0.007,0.006,0.008
375,0.005,0.003,0.004,0.006,0.009,0.005,0.007,0.007,0.009,0.003,0.007,0.006,0.006,0.007,0.007,0.009,0.007,0.008,0.007,0.005,0.007
376,0.005,0.003,0.004,0.006,0.009,0.005,0.007,0.007,0.009,0.004,0.007,0.006,0.005,0.006,0.008,0.009,0.007,0.008,0.007,0.006,0.007
377,0.005,0.004,0.004,0.006,0.009,0.004,0.006,0.007,0.009,0.004,0.006,0.006,0.004,0.005,0.007,0.007,0.007,0.008,0.006,0.006,0.007
378,0.005,0.004,0.003,0.006,0.008,0.003,0.005,0.006,0.009,0.004,0.006,0.005,0.004,0.006,0.007,0.007,0.006,0.007,0.006,0.006,0.007
379,0.004,0.003,0.003,0.007,0.008,0.002,0.006,0.005,0.008,0.004,0.005,0.005,0.004,0.005,0.005,0.007,0.006,0.006,0.006,0.005,0.007
380,0.005,0.004,0.004,0.007,0.009,0.003,0.007,0.006,0.008,0.004,0.006,0.005,0.004,0.006,0.006,0.008,0.006,0.007,0.006,0.005,0.007
381,0.005,0.005,0.006,0.007,0.009,0.005,0.008,0.008,0.009,0.004,0.007,0.006,0.005,0.007,0.008,0.009,0.007,0.008,0.007,0.006,0.008
382,0.005,0.005,0.005,0.007,0.01,0.006,0.008,0.008,0.009,0.005,0.007,0.006,0.005,0.007,0.008,0.009,0.008,0.008,0.007,0.006,0.008
383,0.005,0.004,0.004,0.007,0.01,0.005,0.008,0.008,0.009,0.004,0.006,0.006,0.005,0.006,0.007,0.008,0.007,0.008,0.007,0.005,0.007
384,0.005,0.003,0.003,0.007,0.009,0.005,0.007,0.007,0.008,0.004,0.005,0.005,0.004,0.005,0.006,0.008,0.007,0.007,0.007,0.005,0.007
385,0.004,0.002,0.003,0.006,0.007,0.005,0.005,0.007,0.008,0.004,0.005,0.004,0.003,0.005,0.006,0.007,0.005,0.006,0.006,0.004,0.008
386,0.004,0.003,0.004,0.006,0.007,0.004,0.004,0.006,0.008,0.004,0.005,0.004,0.004,0.004,0.006,0.008,0.004,0.006,0.007,0.004,0.008
387,0.004,0.003,0.005,0.006,0.008,0.004,0.005,0.006,0.008,0.004,0.005,0.004,0.004,0.005,0.006,0.008,0.005,0.007,0.006,0.004,0.008
388,0.005,0.004,0.004,0.007,0.009,0.004,0.005,0.006,0.008,0.004,0.006,0.005,0.004,0.005,0.007,0.007,0.006,0.006,0.007,0.005,0.007
389,0.005,0.003,0.003,0.005,0.009,0.003,0.005,0.006,0.008,0.003,0.006,0.004,0.003,0.004,0.006,0.006,0.006,0.005,0.006,0.004,0.006
390,0.005,0.004,0.003,0.006,0.009,0.002,0.005,0.007,0.008,0.003,0.005,0.005,0.003,0.004,0.006,0.007,0.007,0.005,0.006,0.005,0.007
391,0.004,0.004,0.004,0.007,0.009,0.002,0.005,0.008,0.007,0.002,0.004,0.005,0.003,0.004,0.006,0.008,0.007,0.005,0.006,0.005,0.007
392,0.005,0.004,0.004,0.007,0.009,0.003,0.006,0.008,0.008,0.003,0.005,0.006,0.004,0.006,0.006,0.008,0.007,0.006,0.006,0.005,0.007
393,0.005,0.004,0.005,0.007,0.009,0.004,0.006,0.007,0.008,0.004,0.006,0.006,0.005,0.006,0.007,0.008,0.006,0.007,0.007,0.006,0.007
394,0.004,0.003,0.005,0.007,0.008,0.004,0.006,0.007,0.008,0.003,0.007,0.006,0.005,0.006,0.007,0.008,0.006,0.007,0.007,0.006,0.006
395,0.004,0.003,0.005,0.006,0.008,0.003,0.006,0.006,0.008,0.002,0.006,0.005,0.004,0.004,0.007,0.007,0.005,0.006,0.006,0.005,0.007
396,0.004,0.003,0.004,0.006,0.008,0.003,0.006,0.007,0.008,0.002,0.006,0.006,0.003,0.004,0.006,0.007,0.006,0.006,0.005,0.004,0.007
397,0.006,0.004,0.004,0.007,0.009,0.004,0.006,0.007,0.008,0.004,0.006,0.006,0.004,0.005,0.007,0.007,0.008,0.006,0.006,0.005,0.008
398,0.005,0.004,0.004,0.007,0.009,0.003,0.006,0.007,0.008,0.005,0.006,0.006,0.004,0.005,0.006,0.007,0.007,0.007,0.007,0.006,0.007
399,0.005,0.003,0.003,0.007,0.008,0.003,0.005,0.006,0.007,0.004,0.006,0.006,0.003,0.004,0.006,0.007,0.006,0.006,0.007,0.006,0.007
400,0.003,0.003,0.003,0.005,0.006,0.002,0.004,0.005,0.006,0.002,0.004,0.004,0.002,0.003,0.005,0.006,0.005,0.005,0.005,0.004,0.006
401,0.003,0.003,0.002,0.006,0.007,0.002,0.005,0.007,0.007,0.002,0.004,0.005,0.004,0.004,0.006,0.006,0.005,0.006,0.005,0.004,0.006
402,0.004,0.003,0.003,0.006,0.007,0.003,0.006,0.007,0.008,0.003,0.005,0.004,0.004,0.005,0.007,0.007,0.006,0.006,0.005,0.005,0.007
403,0.005,0.002,0.004,0.007,0.007,0.003,0.007,0.008,0.009,0.004,0.006,0.005,0.005,0.006,0.007,0.007,0.006,0.007,0.007,0.006,0.008
404,0.005,0.002,0.004,0.006,0.008,0.003,0.006,0.007,0.009,0.004,0.007,0.005,0.005,0.006,0.006,0.007,0.006,0.006,0.007,0.006,0.008
405,0.006,0.003,0.004,0.006,0.009,0.003,0.006,0.007,0.009,0.004,0.007,0.005,0.005,0.006,0.007,0.007,0.006,0.007,0.007,0.006,0.007
406,0.005,0.003,0.003,0.006,0.008,0.003,0.005,0.006,0.008,0.003,0.005,0.004,0.004,0.005,0.006,0.006,0.006,0.006,0.006,0.004,0.006
407,0.005,0.003,0.002,0.005,0.008,0.003,0.005,0.006,0.008,0.002,0.004,0.004,0.003,0.005,0.006,0.006,0.006,0.005,0.005,0.004,0.006
408,0.005,0.004,0.003,0.006,0.008,0.004,0.006,0.007,0.007,0.003,0.005,0.005,0.003,0.005,0.007,0.008,0.007,0.006,0.006,0.005,0.006
409,0.006,0.003,0.003,0.006,0.008,0.004,0.006,0.007,0.008,0.003,0.006,0.007,0.004,0.005,0.007,0.009,0.007,0.007,0.006,0.006,0.008
410,0.006,0.004,0.004,0.006,0.009,0.004,0.007,0.008,0.008,0.004,0.006,0.007,0.004,0.006,0.007,0.009,0.007,0.007,0.007,0.006,0.008
411,0.005,0.003,0.004,0.006,0.008,0.004,0.007,0.007,0.009,0.003,0.005,0.006,0.004,0.006,0.005,0.008,0.006,0.006,0.006,0.006,0.007
412,0.006,0.004,0.004,0.006,0.008,0.004,0.006,0.007,0.009,0.003,0.005,0.005,0.004,0.006,0.005,0.007,0.006,0.006,0.006,0.006,0.007
413,0.006,0.003,0.003,0.007,0.008,0.004,0.005,0.006,0.008,0.003,0.005,0.005,0.004,0.005,0.006,0.007,0.006,0.006,0.005,0.005,0.006
414,0.004,0.002,0.003,0.006,0.008,0.003,0.005,0.005,0.007,0.002,0.004,0.005,0.003,0.005,0.006,0.007,0.005,0.005,0.005,0.004,0.006
415,0.005,0.003,0.005,0.007,0.008,0.003,0.007,0.007,0.008,0.003,0.005,0.006,0.004,0.005,0.007,0.008,0.006,0.006,0.007,0.005,0.007
416,0.004,0.004,0.005,0.007,0.009,0.004,0.007,0.007,0.009,0.004,0.006,0.007,0.005,0.006,0.007,0.009,0.007,0.007,0.008,0.007,0.007
417,0.006,0.005,0.004,0.006,0.009,0.005,0.007,0.007,0.009,0.004,0.007,0.006,0.006,0.006,0.007,0.008,0.007,0.007,0.007,0.007,0.008
418,0.005,0.004,0.003,0.005,0.009,0.005,0.006,0.005,0.008,0.004,0.006,0.005,0.004,0.005,0.005,0.008,0.007,0.007,0.006,0.006,0.008
419,0.005,0.004,0.002,0.005,0.008,0.003,0.005,0.005,0.007,0.003,0.005,0.005,0.003,0.005,0.005,0.007,0.007,0.006,0.005,0.006,0.008
420,0.005,0.003,0.002,0.005,0.009,0.003,0.006,0.006,0.007,0.003,0.006,0.005,0.003,0.005,0.005,0.007,0.006,0.006,0.006,0.005,0.007
421,0.004,0.003,0.002,0.005,0.008,0.002,0.005,0.005,0.006,0.002,0.006,0.005,0.002,0.005,0.005,0.006,0.005,0.006,0.006,0.005,0.005
422,0.004,0.003,0.002,0.005,0.008,0.002,0.005,0.004,0.006,0.002,0.005,0.004,0.002,0.004,0.005,0.006,0.004,0.005,0.005,0.004,0.005
423,0.003,0.002,0.002,0.005,0.007,0.003,0.005,0.004,0.007,0.002,0.005,0.004,0.002,0.004,0.004,0.006,0.004,0.006,0.005,0.003,0.005
424,0.004,0.001,0.002,0.005,0.006,0.003,0.005,0.005,0.007,0.001,0.004,0.004,0.002,0.003,0.004,0.006,0.005,0.006,0.005,0.003,0.005
425,0.004,0.001,0.003,0.005,0.007,0.002,0.005,0.005,0.007,0.001,0.004,0.004,0.002,0.003,0.004,0.006,0.005,0.005,0.005,0.003,0.004
426,0.004,0.002,0.004,0.005,0.008,0.003,0.005,0.005,0.007,0.002,0.005,0.005,0.002,0.004,0.005,0.006,0.006,0.006,0.006,0.003,0.005
427,0.004,0.003,0.004,0.006,0.009,0.004,0.006,0.006,0.008,0.004,0.006,0.006,0.004,0.005,0.005,0.007,0.006,0.007,0.006,0.004,0.006
428,0.005,0.003,0.004,0.005,0.009,0.004,0.006,0.006,0.008,0.004,0.006,0.006,0.004,0.005,0.006,0.007,0.007,0.007,0.006,0.005,0.006
429,0.006,0.004,0.004,0.005,0.009,0.004,0.006,0.007,0.008,0.003,0.005,0.006,0.004,0.005,0.007,0.007,0.007,0.007,0.006,0.006,0.006
430,0.006,0.004,0.004,0.005,0.009,0.004,0.006,0.007,0.008,0.003,0.005,0.006,0.005,0.005,0.006,0.008,0.007,0.007,0.006,0.006,0.007
431,0.006,0.004,0.005,0.006,0.01,0.005,0.006,0.008,0.009,0.004,0.007,0.006,0.006,0.006,0.007,0.009,0.006,0.009,0.007,0.006,0.008
432,0.005,0.003,0.004,0.006,0.009,0.004,0.006,0.007,0.008,0.004,0.007,0.006,0.005,0.005,0.006,0.009,0.006,0.008,0.007,0.006,0.007
433,0.005,0.002,0.003,0.006,0.008,0.003,0.006,0.006,0.007,0.003,0.005,0.005,0.004,0.004,0.006,0.008,0.005,0.007,0.007,0.005,0.006
434,0.004,0.002,0.003,0.006,0.008,0.003,0.006,0.006,0.008,0.003,0.005,0.005,0.003,0.004,0.005,0.007,0.006,0.007,0.006,0.005,0.005
435,0.004,0.004,0.003,0.006,0.008,0.004,0.006,0.006,0.008,0.003,0.004,0.005,0.003,0.004,0.006,0.007,0.007,0.006,0.006,0.006,0.005
436,0.006,0.005,0.005,0.007,0.01,0.005,0.008,0.007,0.01,0.005,0.006,0.006,0.006,0.006,0.007,0.009,0.009,0.008,0.008,0.007,0.007
437,0.005,0.004,0.005,0.006,0.009,0.005,0.008,0.007,0.009,0.004,0.006,0.007,0.005,0.007,0.007,0.008,0.008,0.006,0.008,0.007,0.008
438,0.005,0.003,0.004,0.005,0.008,0.003,0.007,0.006,0.008,0.004,0.005,0.006,0.004,0.006,0.007,0.008,0.006,0.006,0.008,0.006,0.008
439,0.005,0.003,0.003,0.005,0.008,0.003,0.006,0.006,0.008,0.004,0.005,0.006,0.003,0.004,0.006,0.007,0.006,0.006,0.007,0.006,0.007
440,0.005,0.005,0.002,0.005,0.008,0.004,0.006,0.006,0.008,0.003,0.005,0.005,0.003,0.004,0.005,0.006,0.006,0.006,0.006,0.006,0.006
441,0.005,0.005,0.003,0.006,0.009,0.004,0.006,0.007,0.008,0.003,0.006,0.005,0.004,0.005,0.004,0.006,0.007,0.007,0.007,0.006,0.006
442,0.006,0.004,0.002,0.006,0.01,0.004,0.005,0.006,0.007,0.003,0.006,0.004,0.004,0.005,0.005,0.007,0.007,0.006,0.007,0.005,0.006
443,0.006,0.003,0.002,0.005,0.009,0.003,0.005,0.006,0.006,0.003,0.005,0.005,0.004,0.005,0.007,0.007,0.006,0.006,0.006,0.005,0.006
444,0.005,0.003,0.003,0.005,0.008,0.003,0.005,0.006,0.007,0.003,0.005,0.005,0.005,0.005,0.007,0.007,0.006,0.006,0.006,0.005,0.006
445,0.004,0.003,0.003,0.005,0.007,0.002,0.005,0.006,0.006,0.002,0.004,0.005,0.004,0.004,0.006,0.007,0.005,0.005,0.005,0.004,0.005
446,0.004,0.002,0.002,0.005,0.008,0.002,0.005,0.006,0.006,0.002,0.004,0.005,0.003,0.003,0.006,0.006,0.005,0.005,0.005,0.003,0.005
447,0.004,0.003,0.002,0.005,0.008,0.002,0.005,0.007,0.005,0.002,0.005,0.004,0.002,0.004,0.006,0.005,0.005,0.005,0.005,0.003,0.005
448,0.005,0.004,0.003,0.005,0.008,0.003,0.006,0.008,0.007,0.002,0.005,0.005,0.002,0.005,0.006,0.006,0.007,0.006,0.007,0.005,0.006
449,0.004,0.003,0.003,0.005,0.007,0.002,0.006,0.006,0.007,0.002,0.005,0.005,0.002,0.005,0.005,0.005,0.006,0.006,0.007,0.004,0.006
450,0.006,0.005,0.004,0.005,0.009,0.003,0.006,0.007,0.008,0.003,0.006,0.006,0.004,0.006,0.006,0.007,0.008,0.006,0.007,0.005,0.007
451,0.006,0.003,0.003,0.005,0.009,0.003,0.006,0.007,0.007,0.003,0.005,0.006,0.003,0.006,0.005,0.007,0.008,0.005,0.006,0.004,0.007
452,0.006,0.003,0.004,0.005,0.009,0.004,0.007,0.008,0.007,0.004,0.006,0.006,0.003,0.007,0.006,0.007,0.006,0.006,0.006,0.005,0.007
453,0.006,0.003,0.003,0.006,0.009,0.004,0.007,0.008,0.008,0.004,0.006,0.005,0.003,0.006,0.007,0.007,0.006,0.007,0.006,0.005,0.007
454,0.004,0.002,0.002,0.006,0.009,0.003,0.007,0.008,0.008,0.003,0.005,0.005,0.003,0.006,0.006,0.007,0.005,0.006,0.006,0.005,0.006
455,0.005,0.003,0.002,0.006,0.009,0.003,0.006,0.008,0.009,0.003,0.005,0.005,0.003,0.006,0.006,0.008,0.007,0.006,0.007,0.006,0.007
456,0.005,0.003,0.002,0.005,0.009,0.004,0.006,0.007,0.007,0.003,0.005,0.005,0.004,0.005,0.005,0.008,0.007,0.006,0.007,0.006,0.007
457,0.006,0.003,0.003,0.005,0.01,0.005,0.005,0.007,0.007,0.004,0.006,0.006,0.004,0.006,0.006,0.008,0.007,0.007,0.007,0.006,0.007
458,0.006,0.002,0.004,0.005,0.009,0.005,0.005,0.006,0.007,0.004,0.006,0.005,0.005,0.006,0.006,0.008,0.007,0.007,0.007,0.006,0.007
459,0.005,0.003,0.003,0.004,0.008,0.004,0.005,0.005,0.007,0.004,0.005,0.005,0.003,0.005,0.004,0.007,0.006,0.006,0.005,0.005,0.006
460,0.004,0.003,0.003,0.004,0.008,0.002,0.004,0.004,0.007,0.002,0.004,0.003,0.001,0.004,0.004,0.005,0.005,0.004,0.004,0.004,0.005
461,0.004,0.003,0.003,0.004,0.008,0.002,0.005,0.006,0.006,0.002,0.004,0.004,0.002,0.004,0.004,0.006,0.005,0.004,0.005,0.004,0.005
462,0.004,0.002,0.003,0.005,0.008,0.002,0.005,0.006,0.007,0.002,0.004,0.005,0.002,0.005,0.005,0.007,0.005,0.005,0.005,0.004,0.005
463,0.004,0.002,0.003,0.004,0.007,0.003,0.004,0.006,0.007,0.002,0.004,0.005,0.002,0.004,0.004,0.008,0.005,0.006,0.005,0.004,0.005
464,0.004,0.003,0.002,0.004,0.007,0.002,0.004,0.006,0.007,0.002,0.004,0.005,0.001,0.003,0.005,0.006,0.005,0.005,0.005,0.004,0.005
465,0.005,0.004,0.003,0.005,0.007,0.002,0.005,0.006,0.007,0.002,0.004,0.004,0.002,0.004,0.006,0.006,0.005,0.006,0.005,0.005,0.006
466,0.006,0.005,0.003,0.005,0.008,0.002,0.005,0.006,0.007,0.002,0.004,0.004,0.002,0.004,0.006,0.006,0.007,0.006,0.006,0.004,0.006
467,0.006,0.004,0.002,0.005,0.008,0.002,0.005,0.005,0.007,0.002,0.004,0.004,0.002,0.003,0.005,0.006,0.007,0.005,0.005,0.003,0.006
468,0.005,0.003,0.001,0.004,0.006,0.001,0.004,0.005,0.006,0.002,0.003,0.004,0.002,0.002,0.005,0.005,0.006,0.005,0.004,0.003,0.005
469,0.004,0.002,0.002,0.003,0.007,0.002,0.005,0.004,0.007,0.002,0.005,0.005,0.003,0.003,0.006,0.006,0.005,0.006,0.005,0.005,0.005
470,0.004,0.002,0.004,0.004,0.008,0.003,0.005,0.005,0.007,0.003,0.005,0.006,0.004,0.004,0.006,0.008,0.006,0.006,0.006,0.006,0.007
471,0.004,0.003,0.005,0.005,0.009,0.004,0.006,0.007,0.008,0.004,0.006,0.006,0.004,0.005,0.006,0.008,0.007,0.006,0.006,0.006,0.007
472,0.004,0.003,0.005,0.006,0.007,0.004,0.005,0.007,0.008,0.003,0.006,0.005,0.003,0.006,0.006,0.007,0.006,0.005,0.005,0.005,0.007
473,0.004,0.002,0.004,0.006,0.007,0.004,0.004,0.006,0.007,0.003,0.006,0.004,0.003,0.005,0.005,0.007,0.005,0.005,0.006,0.005,0.006
474,0.006,0.003,0.004,0.006,0.01,0.003,0.004,0.006,0.007,0.004,0.007,0.005,0.004,0.005,0.006,0.008,0.006,0.006,0.007,0.006,0.006
475,0.007,0.004,0.004,0.007,0.011,0.003,0.005,0.006,0.007,0.004,0.006,0.005,0.005,0.006,0.007,0.008,0.007,0.006,0.008,0.007,0.007
476,0.008,0.005,0.005,0.007,0.01,0.003,0.006,0.007,0.008,0.003,0.005,0.007,0.005,0.005,0.007,0.007,0.007,0.006,0.007,0.006,0.007
477,0.007,0.005,0.004,0.007,0.009,0.003,0.006,0.007,0.009,0.003,0.005,0.007,0.005,0.005,0.007,0.007,0.007,0.006,0.007,0.007,0.007
478,0.006,0.005,0.004,0.007,0.008,0.004,0.006,0.006,0.009,0.003,0.006,0.006,0.005,0.004,0.007,0.007,0.007,0.006,0.007,0.007,0.008
479,0.006,0.005,0.005,0.007,0.009,0.005,0.007,0.007,0.011,0.005,0.007,0.007,0.006,0.006,0.007,0.009,0.008,0.007,0.008,0.007,0.009
480,0.006,0.004,0.005,0.006,0.01,0.005,0.007,0.008,0.009,0.004,0.007,0.008,0.006,0.006,0.007,0.009,0.007,0.007,0.007,0.007,0.008
481,0.006,0.004,0.005,0.006,0.01,0.004,0.006,0.007,0.008,0.003,0.006,0.007,0.004,0.006,0.005,0.008,0.006,0.006,0.006,0.005,0.007
482,0.007,0.005,0.005,0.006,0.01,0.004,0.006,0.007,0.007,0.003,0.006,0.007,0.004,0.006,0.004,0.008,0.007,0.006,0.007,0.005,0.007
483,0.006,0.005,0.004,0.006,0.008,0.003,0.006,0.006,0.008,0.002,0.005,0.006,0.003,0.005,0.003,0.007,0.007,0.006,0.006,0.004,0.006
484,0.005,0.005,0.003,0.006,0.007,0.003,0.006,0.007,0.009,0.002,0.005,0.006,0.003,0.004,0.003,0.006,0.006,0.005,0.006,0.004,0.006
485,0.003,0.002,0.002,0.005,0.006,0.003,0.005,0.007,0.007,0.001,0.004,0.005,0.002,0.003,0.002,0.006,0.004,0.005,0.005,0.003,0.005
486,0.002,0,0,0.003,0.004,0.001,0.003,0.004,0.004,0,0.002,0.002,0,0.002,0.002,0.004,0.002,0.003,0.004,0.002,0.003
487,0.002,-0.001,-0.001,0.003,0.004,0,0.003,0.003,0.004,0,0.002,0.001,-0.001,0.002,0.003,0.004,0.002,0.003,0.003,0.001,0.003
488,0.002,-0.001,-0.001,0.003,0.004,0,0.003,0.002,0.004,0,0.002,0.001,0,0.002,0.003,0.004,0.003,0.002,0.003,0.001,0.002
489,0.004,0.001,0,0.003,0.005,0.001,0.003,0.004,0.005,0.001,0.002,0.002,0,0.001,0.004,0.004,0.004,0.003,0.004,0.002,0.002
490,0.003,0.001,0,0.004,0.005,0.001,0.003,0.004,0.004,0,0.002,0.002,-0.001,0,0.003,0.004,0.004,0.002,0.004,0.001,0.002
491,0.001,-0.001,-0.001,0.002,0.003,-0.001,0.002,0.003,0.003,-0.001,0,0.001,-0.001,0.001,0.002,0.003,0.002,0.002,0.003,0.001,0.002
492,0.001,0,-0.001,0.003,0.004,-0.001,0.002,0.003,0.004,0,0.001,0.001,0,0.002,0.002,0.003,0.002,0.002,0.002,0.001,0.002
493,0.001,0.001,0,0.004,0.004,-0.001,0.002,0.004,0.004,0,0,0.001,0.001,0.002,0.003,0.002,0.002,0.002,0.001,0.001,0.003
494,0.003,0.003,0,0.005,0.006,0,0.002,0.004,0.005,0.001,0.001,0.002,0.002,0.002,0.004,0.003,0.003,0.002,0.002,0.002,0.004
495,0.004,0.004,0.002,0.005,0.006,0.001,0.003,0.005,0.006,0.002,0.002,0.003,0.001,0.003,0.005,0.004,0.004,0.003,0.004,0.003,0.005
496,0.003,0.002,0.003,0.005,0.006,0.002,0.005,0.006,0.007,0.002,0.003,0.005,0.002,0.004,0.005,0.006,0.005,0.004,0.005,0.005,0.006
497,0.004,0.002,0.004,0.005,0.006,0.004,0.007,0.008,0.007,0.003,0.004,0.005,0.003,0.005,0.004,0.008,0.005,0.006,0.006,0.005,0.005
498,0.004,0.002,0.004,0.006,0.006,0.003,0.007,0.008,0.007,0.004,0.004,0.005,0.003,0.005,0.004,0.007,0.005,0.006,0.006,0.004,0.005
499,0.005,0.002,0.003,0.006,0.007,0.003,0.006,0.007,0.007,0.004,0.003,0.005,0.003,0.005,0.004,0.006,0.006,0.005,0.005,0.004,0.005
500,0.005,0.003,0.002,0.006,0.007,0.002,0.005,0.006,0.007,0.002,0.003,0.005,0.002,0.005,0.004,0.005,0.006,0.004,0.004,0.003,0.005
501,0.003,0.002,0.001,0.005,0.006,0,0.003,0.005,0.006,0,0.001,0.003,0,0.003,0.004,0.004,0.005,0.002,0.002,0.003,0.004
502,0.004,0.002,0.001,0.005,0.006,0.001,0.003,0.005,0.006,0.002,0.002,0.004,0.001,0.003,0.004,0.005,0.004,0.004,0.003,0.003,0.004
503,0.004,0.001,0.002,0.004,0.006,0.002,0.004,0.005,0.004,0.003,0.003,0.004,0.002,0.004,0.004,0.005,0.003,0.006,0.003,0.003,0.005
504,0.004,0.002,0.003,0.004,0.006,0.003,0.005,0.005,0.004,0.003,0.005,0.005,0.002,0.004,0.004,0.006,0.004,0.007,0.004,0.004,0.006
505,0.004,0.002,0.003,0.004,0.004,0.002,0.004,0.004,0.004,0.002,0.004,0.005,0,0.003,0.004,0.005,0.004,0.005,0.003,0.003,0.005
506,0.004,0.002,0.002,0.004,0.004,0.002,0.003,0.004,0.004,0.001,0.003,0.004,0,0.002,0.004,0.005,0.004,0.004,0.003,0.003,0.004
507,0.004,0.002,0.003,0.005,0.005,0.002,0.004,0.005,0.005,0.002,0.005,0.004,0.001,0.004,0.004,0.006,0.005,0.005,0.006,0.003,0.005
508,0.003,0.003,0.003,0.005,0.006,0.003,0.005,0.006,0.006,0.004,0.006,0.004,0.003,0.005,0.004,0.007,0.005,0.006,0.007,0.004,0.006
509,0.003,0.003,0.003,0.005,0.005,0.002,0.005,0.005,0.006,0.003,0.005,0.004,0.002,0.004,0.004,0.006,0.005,0.005,0.006,0.004,0.005
510,0.003,0.001,0.002,0.004,0.005,0.001,0.003,0.004,0.005,0.002,0.003,0.003,0.001,0.003,0.003,0.004,0.005,0.003,0.004,0.002,0.003
511,0.004,0.001,0.002,0.003,0.005,0.001,0.002,0.004,0.006,0.002,0.003,0.003,0.001,0.003,0.004,0.004,0.006,0.003,0.004,0.002,0.002
512,0.004,0.001,0.002,0.004,0.005,0.002,0.003,0.005,0.007,0.002,0.003,0.004,0.002,0.004,0.006,0.005,0.005,0.004,0.005,0.002,0.003
513,0.005,0.002,0.004,0.005,0.007,0.003,0.005,0.006,0.008,0.003,0.005,0.005,0.002,0.004,0.006,0.006,0.006,0.006,0.005,0.004,0.005
514,0.004,0.002,0.003,0.005,0.006,0.002,0.005,0.006,0.006,0.001,0.004,0.005,0.001,0.002,0.005,0.005,0.005,0.004,0.004,0.003,0.005
515,0.002,0.001,0.001,0.004,0.005,0,0.003,0.004,0.005,-0.001,0.001,0.003,-0.001,0,0.004,0.003,0.003,0.002,0.002,0.002,0.003
516,0.002,0.001,0,0.004,0.005,0,0.003,0.004,0.005,-0.001,0.001,0.003,-0.001,0,0.004,0.003,0.003,0.003,0.002,0.002,0.004
517,0.002,0.002,0,0.005,0.006,0.001,0.003,0.004,0.006,0,0.003,0.003,0,0.002,0.004,0.004,0.004,0.004,0.003,0.003,0.004
518,0.003,0.002,0.002,0.005,0.007,0.002,0.002,0.006,0.006,0.002,0.005,0.003,0.002,0.004,0.004,0.006,0.005,0.005,0.005,0.003,0.004
519,0.004,0.002,0.003,0.005,0.006,0.003,0.004,0.007,0.006,0.002,0.006,0.005,0.003,0.004,0.004,0.007,0.005,0.006,0.005,0.003,0.004
520,0.003,0.001,0.002,0.004,0.005,0.003,0.004,0.006,0.006,0.001,0.004,0.004,0.002,0.002,0.004,0.005,0.004,0.004,0.005,0.002,0.003
521,0.004,0,0.001,0.004,0.005,0.004,0.005,0.005,0.005,0.002,0.004,0.005,0.001,0.003,0.004,0.005,0.004,0.004,0.003,0.002,0.004
522,0.004,0.001,0.002,0.005,0.007,0.004,0.006,0.006,0.006,0.003,0.003,0.005,0.002,0.004,0.006,0.006,0.004,0.005,0.003,0.003,0.005
523,0.004,0.002,0.003,0.005,0.007,0.001,0.005,0.006,0.006,0.002,0.003,0.005,0.002,0.004,0.006,0.006,0.005,0.004,0.002,0.004,0.005
524,0.004,0.002,0.003,0.005,0.007,0,0.005,0.007,0.006,0,0.002,0.005,0.002,0.004,0.006,0.007,0.005,0.004,0.002,0.004,0.005
525,0.002,0.001,0.001,0.005,0.006,-0.001,0.004,0.006,0.004,-0.001,0.002,0.004,0.001,0.002,0.005,0.006,0.004,0.003,0.003,0.003,0.003
526,0.002,0,0,0.004,0.005,0,0.003,0.004,0.003,-0.001,0.001,0.003,0.001,0.002,0.003,0.004,0.003,0.002,0.003,0.002,0.002
527,0,-0.001,-0.001,0.004,0.005,0,0.003,0.004,0.003,-0.001,0.002,0.003,0,0.002,0.003,0.004,0.002,0.002,0.002,0.002,0.003
528,-0.001,-0.003,-0.002,0.002,0.002,-0.001,0.002,0.001,0.002,-0.002,0,0.001,-0.001,0.001,0.001,0.002,0,0.001,0,0,0.001
529,-0.002,-0.004,-0.003,0.002,0,-0.002,0,0,0.001,-0.002,0,0,-0.002,0,0,0.002,-0.002,0,0,-0.002,0
530,-0.001,-0.003,-0.001,0.003,0,0,0.001,0.002,0.002,-0.001,0.001,0,-0.002,0.002,0.001,0.002,-0.001,0,0.001,-0.002,0
531,0.001,0,0,0.004,0.003,0.001,0.002,0.004,0.004,0,0.003,0.002,0,0.002,0.002,0.003,0.001,0.002,0.002,0,0.001
532,0.001,0.001,0,0.004,0.005,0.001,0.003,0.004,0.003,-0.001,0.003,0.003,0,0.002,0.003,0.003,0,0.002,0.002,0.001,0.001
533,0,0,-0.002,0.004,0.004,0,0.002,0.003,0.002,-0.002,0,0.001,-0.002,0,0.003,0.001,0,0,0,-0.001,0
534,0,-0.001,-0.003,0.004,0.003,-0.001,0.001,0.002,0.001,-0.003,-0.002,0,-0.003,-0.002,0.003,0,0,-0.001,-0.001,-0.001,0
535,0,-0.003,-0.002,0.004,0.002,-0.001,0.002,0.003,0.002,-0.002,-0.001,0.001,-0.002,-0.001,0.004,0.001,0.001,0,-0.001,0,0.001
536,0,-0.002,-0.001,0.005,0.002,-0.001,0.003,0.003,0.003,-0.002,0.001,0.002,-0.001,0.001,0.003,0.003,0.002,0.002,0,0.001,0.002
537,-0.001,-0.001,-0.001,0.005,0.003,-0.001,0.003,0.004,0.003,-0.001,0.002,0.003,0.001,0.002,0.003,0.004,0.002,0.002,0.002,0.001,0.002
538,-0.001,0,0,0.004,0.003,-0.001,0.002,0.004,0.003,0,0.002,0.003,0,0.001,0.003,0.004,0.001,0.002,0.002,0.001,0.002
539,0,0,0,0.004,0.004,0,0.002,0.004,0.003,0.001,0.002,0.002,0,0.001,0.003,0.004,0.001,0.003,0.003,0,0.002
540,0,0,0,0.004,0.003,0.001,0.002,0.004,0.004,0.001,0.002,0.003,-0.001,0.001,0.003,0.005,0.001,0.004,0.003,0,0.002
541,0,0.001,0,0.004,0.002,0.001,0,0.003,0.004,0,0.002,0.002,-0.003,0,0.002,0.005,0.002,0.004,0.001,-0.001,0.001
542,-0.002,0,-0.001,0.004,-0.001,0.001,0,0.003,0.004,-0.001,0.001,0.001,-0.003,-0.001,0.002,0.005,0,0.003,0,-0.002,0.001
543,-0.003,-0.003,-0.003,0.003,-0.002,-0.001,0,0.002,0.002,-0.002,0,-0.001,-0.005,-0.002,0.001,0.003,-0.003,0.001,-0.001,-0.003,-0.001
544,-0.003,-0.003,-0.002,0.005,0,-0.001,0.001,0.002,0.002,-0.001,0,0,-0.004,-0.001,0.002,0.003,-0.003,0.002,-0.001,-0.002,0
545,0,0,0,0.007,0.004,0.002,0.004,0.004,0.003,0.001,0.002,0.003,0,0.001,0.004,0.004,0,0.005,0.002,0.001,0.002
546,0.002,0.002,0.002,0.008,0.006,0.003,0.005,0.006,0.005,0.003,0.004,0.004,0.002,0.003,0.005,0.006,0.003,0.006,0.003,0.002,0.004
547,0.002,0.003,0.003,0.007,0.005,0.003,0.004,0.007,0.006,0.002,0.004,0.003,0.002,0.003,0.005,0.006,0.002,0.005,0.003,0.002,0.003
548,0,0.002,0,0.005,0.003,0,0.003,0.005,0.003,0,0.001,0.001,-0.001,0.001,0.003,0.003,0,0.002,0,-0.001,0.001
549,0,0.001,-0.001,0.004,0.001,-0.001,0.002,0.004,0.002,-0.001,-0.001,0,-0.003,0,0.003,0.002,-0.001,0.001,0,-0.001,0.001
550,0.001,0,0,0.005,0.002,0,0.003,0.004,0.002,0,0.001,0.002,-0.002,0.002,0.002,0.004,0.001,0.003,0.002,0,0.002
551,0.001,0,0,0.005,0.003,0.002,0.002,0.004,0.003,0.001,0.003,0.003,-0.002,0.003,0.003,0.005,0.002,0.004,0.003,0.001,0.003
552,0,-0.002,0,0.004,0.002,0.002,0.002,0.003,0.003,0.001,0.003,0.001,-0.002,0.002,0.002,0.004,0.001,0.003,0.003,0,0.003
553,-0.003,-0.002,-0.002,0.004,0,0,0.002,0.003,0.002,-0.001,0,-0.001,-0.004,-0.001,0.001,0.002,-0.001,0.001,0.001,-0.002,0.002
554,-0.003,-0.002,-0.002,0.003,-0.001,-0.001,0,0.004,0.002,-0.002,-0.001,-0.001,-0.004,-0.001,0.002,0.002,-0.001,-0.001,-0.001,-0.003,0.001
555,-0.002,0,-0.001,0.003,0,-0.001,0,0.003,0.003,-0.001,-0.001,0,-0.002,0.001,0.003,0.002,-0.001,0,-0.001,-0.001,0.001
556,-0.001,0.001,0,0.004,0.001,0,-0.001,0.003,0.004,0.001,-0.001,0.001,-0.001,0,0.005,0.003,0.001,0.001,0,0.001,0.002
557,0,0,0,0.004,0.003,0.001,-0.001,0.003,0.004,0.001,0,0.001,0,0,0.004,0.004,0.001,0.002,0.001,0.001,0.002
558,0,0.001,-0.001,0.005,0.004,0.001,-0.001,0.004,0.003,0.001,0.001,0.001,-0.001,0,0.004,0.003,0,0.004,0.001,-0.001,0.002
559,0,0,-0.003,0.004,0.003,0.001,-0.001,0.002,0.002,0,0.001,0.001,-0.002,0,0.003,0.002,0,0.002,0,-0.002,0.001
560,-0.001,0,-0.003,0.005,0.003,-0.001,0,0.001,0.002,-0.002,0,0,-0.002,0.001,0.002,0.001,0.001,0.001,-0.001,0,0
561,0,0,-0.002,0.005,0.003,-0.002,0.001,0.002,0.002,-0.002,-0.001,0,0,0,0.002,0.001,0.001,-0.001,-0.001,0,0
562,0,-0.001,-0.002,0.004,0.003,-0.003,0.001,0.003,0.002,-0.002,-0.002,-0.001,-0.001,-0.001,0.002,0,0,-0.001,-0.001,-0.001,-0.001
563,0,0.001,-0.001,0.005,0.004,-0.001,0.002,0.006,0.004,-0.001,-0.001,0.001,-0.001,-0.001,0.005,0.001,0.001,0,0,-0.001,0.001
564,-0.002,0.001,-0.002,0.004,0.002,-0.001,0.001,0.004,0.005,-0.001,0,0.002,-0.002,-0.001,0.005,0.001,0.001,0.002,0,0,0.002
565,-0.001,0.001,-0.002,0.004,0.001,-0.002,0.001,0.003,0.005,-0.001,-0.001,0.002,-0.002,-0.001,0.004,0,0.002,0.002,-0.001,0,0.002
566,0,0.001,-0.003,0.003,0,-0.002,0,0.001,0.003,-0.002,-0.002,0,-0.003,-0.002,0.002,0,0.002,0,-0.002,0,0.001
567,0.001,0.002,-0.002,0.004,0.002,-0.001,0,0.001,0.003,-0.003,-0.002,0,-0.002,-0.002,0.002,-0.001,0.002,0,-0.001,-0.001,0.002
568,0.001,0.004,0.001,0.005,0.002,0,0,0.002,0.004,-0.002,0,0.001,0,-0.001,0.004,0.001,0.002,0,0,-0.001,0.004
569,0,0.003,0.002,0.006,0.002,0,0.002,0.003,0.004,-0.001,0.001,0.002,0,0,0.004,0.002,0.001,0.001,0,0,0.003
570,0,0.003,0.002,0.007,0.003,0.001,0.004,0.005,0.003,0.001,0.001,0.004,0,0.002,0.005,0.003,0.001,0.003,0.001,0,0.004
571,-0.001,0.002,0,0.006,0.002,0,0.003,0.005,0.002,0,0,0.003,-0.002,0,0.004,0.002,0,0.002,0,-0.001,0.002
572,-0.001,0.002,-0.001,0.005,0.002,0,0.002,0.005,0.003,-0.001,0,0.002,-0.004,-0.001,0.005,0.001,0,0.001,0,-0.001,0.001
573,-0.002,0.001,-0.001,0.005,0.002,0,0.001,0.004,0.003,-0.001,0.001,0.001,-0.003,-0.001,0.005,0.002,0,0.002,0.001,0,0
574,-0.001,0,0,0.007,0.003,-0.001,0.002,0.004,0.003,-0.001,0.001,0.002,-0.001,0,0.004,0.003,0.002,0.003,0.002,0.001,0.001
575,-0.001,0,0.001,0.008,0.003,0,0.004,0.005,0.004,-0.001,0.001,0.003,0,0.001,0.004,0.004,0.003,0.003,0.002,0,0.002
576,-0.001,0,0,0.008,0.003,0,0.005,0.005,0.005,-0.001,0,0.002,0,0,0.004,0.004,0.002,0.001,0.001,0,0.001
577,-0.001,0.001,-0.001,0.007,0.002,0,0.005,0.006,0.005,-0.002,-0.001,0.001,-0.001,0,0.004,0.001,0.001,-0.001,0,0.001,0.001
578,-0.001,0.002,0,0.005,0.001,0,0.005,0.006,0.005,-0.001,-0.001,0.002,-0.001,0.001,0.005,0.001,0.001,0,0.001,0.002,0.002
579,0,0.001,0.001,0.005,0.001,0,0.004,0.004,0.006,0,0.001,0.003,-0.001,0,0.005,0.003,0.001,0.002,0.001,0.001,0.002
580,0,0,0,0.005,0,0,0.002,0.002,0.005,0,0.001,0.003,-0.002,-0.002,0.004,0.003,0.001,0.002,0.001,-0.001,0.001
581,-0.002,-0.001,-0.002,0.005,0,0.001,0.001,0.002,0.004,-0.002,0,0.002,-0.004,-0.003,0.003,0.003,0.001,0.001,0,-0.002,0.001
582,-0.003,0,-0.003,0.005,0,0,0,0.002,0.001,-0.004,-0.001,0.001,-0.004,-0.003,0.002,0.002,-0.001,0,-0.001,-0.003,0.001
583,-0.002,0.001,-0.002,0.004,-0.001,-0.001,0.001,0.002,0.002,-0.003,0,0.001,-0.002,-0.001,0.003,0.002,-0.001,0.003,-0.001,-0.001,0.001
584,-0.002,0,-0.002,0.004,-0.001,-0.002,0.001,0.001,0.002,-0.002,0,0,-0.002,-0.001,0.002,0.001,-0.001,0.002,-0.001,-0.001,0.002
585,-0.003,-0.002,-0.003,0.003,-0.002,-0.003,-0.001,0.001,0.001,-0.003,-0.002,-0.001,-0.003,-0.003,0.002,0,-0.002,0,-0.001,0,0.001
586,-0.001,0,-0.002,0.005,0,-0.001,0.001,0.002,0.001,-0.002,0,0,-0.001,-0.001,0.002,0.001,-0.001,0.001,-0.001,0,0.001
587,0,0.001,-0.001,0.007,0.003,0.001,0.004,0.004,0.001,0,0.001,0,-0.001,0,0.002,0.002,-0.001,0.001,0,-0.001,0.001
588,0,0.004,0.002,0.009,0.004,0.003,0.006,0.006,0.003,0.003,0.003,0.002,-0.001,0.001,0.004,0.004,0.001,0.003,0.001,-0.001,0.002
589,-0.001,0.002,0,0.007,0.001,0.001,0.003,0.004,0.003,0,0.001,0,-0.003,-0.001,0.003,0.002,-0.001,0.001,0,-0.002,0
590,-0.001,-0.001,-0.001,0.004,-0.001,-0.002,0,0.001,0.003,-0.002,-0.001,0,-0.004,-0.002,0.002,0.002,-0.002,0.001,-0.001,-0.003,-0.001
591,0.002,0,0.001,0.005,0.002,-0.001,0,0.003,0.005,0,0.001,0.002,-0.002,0.002,0.004,0.004,0.001,0.003,0.001,0.001,0.001
592,0,0,0.001,0.006,0.002,-0.002,0.002,0.003,0.005,-0.001,0.001,0.002,0,0.002,0.005,0.002,0.002,0.002,0,0.002,0.002
593,-0.003,-0.001,-0.001,0.004,-0.001,-0.003,0.002,0.001,0.004,-0.003,-0.002,0,-0.002,-0.001,0.004,0.001,-0.001,0,-0.003,0.001,0.001
594,-0.003,-0.001,-0.002,0.003,-0.001,-0.001,0.001,0.001,0.005,-0.004,-0.003,-0.001,-0.004,-0.002,0.003,-0.001,-0.002,0,-0.004,-0.001,0.001
595,0,0,-0.001,0.004,0.004,0,0.002,0.004,0.006,-0.002,-0.001,0,-0.002,-0.001,0.003,0.001,0,0.001,-0.002,0,0.003
596,0.003,0.002,0.001,0.005,0.006,0,0.002,0.005,0.005,-0.001,0,0.001,-0.001,0.001,0.002,0.003,0.002,0.002,-0.001,0.001,0.002
597,0.002,0.003,0,0.004,0.007,-0.002,0.003,0.003,0.003,-0.002,0.001,0.001,0,0.001,0.002,0.003,0.002,0.002,-0.001,0.001,0.002
598,0.001,0.002,0,0.003,0.005,-0.001,0.003,0.003,0.002,-0.001,0.002,0.002,0,0.002,0.003,0.004,0.001,0.002,0,0.002,0.003
599,0.001,0.001,-0.001,0.004,0.004,-0.001,0.003,0.003,0.002,0,0.002,0.002,-0.001,0.001,0.003,0.003,0.001,0.002,0.001,0.001,0.003
600,0.001,-0.002,-0.002,0.005,0.002,0,0.001,0.002,0.003,0,0.002,0.001,-0.002,0,0.004,0.003,0,0.001,0,-0.001,0.002
601,0.003,-0.003,-0.004,0.005,0.002,-0.001,0,0.001,0.002,-0.001,0.001,-0.002,-0.004,-0.002,0.002,0.001,0,0,-0.001,-0.001,0
602,0.005,0.001,-0.002,0.004,0.004,0,0,0.003,0.003,0.001,0.002,-0.001,-0.003,-0.001,0.002,0.001,0.003,0.001,0,0.001,0
603,0.004,0.004,-0.001,0.004,0.004,0.001,0,0.004,0.004,0.002,0.001,-0.001,-0.003,-0.001,0.001,0.002,0.004,0.001,0.001,0,0
604,0.001,0.004,0,0.003,0.002,0,-0.001,0.003,0.005,0.002,0.001,-0.001,-0.004,0,0,0.003,0.002,0.001,0.001,-0.001,-0.001
605,-0.001,0.003,0,0.003,0.002,0,0,0.002,0.005,0.001,0.001,0,-0.004,0.002,0.001,0.003,0.001,0.001,0,0,-0.001
606,0.002,0.002,0,0.004,0.004,0,0.001,0.002,0.004,0.001,0.001,0.002,-0.003,0.002,0.003,0.003,0.002,0.001,0,0.003,-0.001
607,0.003,0.001,0,0.006,0.004,0,0.001,0.003,0.002,0,0.002,0.003,0,0.002,0.003,0.001,0.003,0.001,0.001,0.002,0.001
608,0.002,0,-0.002,0.005,0.004,-0.002,0,0.002,0.002,-0.002,0.001,0,-0.001,-0.001,0.004,-0.001,0.003,-0.001,0.001,0,0
609,0.003,0.001,-0.001,0.005,0.004,-0.002,0.002,0.003,0.003,-0.001,-0.001,0,-0.001,0.001,0.005,-0.001,0.003,0,0.001,0,0.002
610,0.003,0.002,0,0.006,0.005,0,0.005,0.005,0.003,-0.001,0,0.002,0.001,0.002,0.004,0.001,0.004,0.001,0.002,0.002,0.003
611,0.002,0,0.001,0.006,0.004,0.001,0.005,0.005,0.002,0,0.001,0.005,0.001,0.002,0.004,0.002,0.003,0.001,0.001,0.004,0.004
612,-0.001,-0.002,0,0.004,0.002,0.001,0.004,0.005,0.003,0,0.001,0.004,0.001,0.001,0.004,0.004,0.001,0.001,0,0.002,0.003
613,-0.002,-0.002,0,0.004,0.002,-0.001,0.001,0.003,0.003,0,-0.001,0.003,-0.002,-0.001,0.004,0.002,0,0.001,-0.001,0.001,0
614,0.001,0.001,0,0.005,0.002,0,0.002,0.003,0.004,0,0,0.002,-0.002,-0.002,0.005,0.002,0.001,0.001,0.001,-0.001,0.001
615,0.003,0.002,0.002,0.007,0.004,0.001,0.003,0.005,0.004,0.001,0.001,0.003,-0.001,0,0.004,0.003,0.003,0.001,0.001,0,0.002
616,0.002,0.001,0.003,0.004,0.004,0.001,0.003,0.005,0.003,0.002,0.003,0.003,-0.001,0.001,0.001,0.003,0.004,0.002,0.002,0.001,0.003
617,0.003,0,0.002,0.002,0.006,0.001,0.003,0.005,0.004,0.004,0.003,0.004,-0.001,0.003,-0.001,0.004,0.005,0.003,0.003,0.003,0.004
618,0.004,0.001,0.002,0.003,0.006,0.001,0.002,0.004,0.006,0.005,0.003,0.004,0.001,0.005,0.001,0.005,0.006,0.004,0.005,0.005,0.004
619,0.006,0.004,0.003,0.005,0.008,0.002,0.002,0.005,0.008,0.004,0.004,0.006,0.002,0.006,0.003,0.008,0.007,0.005,0.006,0.007,0.004
620,0.003,0.003,0.001,0.005,0.006,0,0.002,0.005,0.005,0,0.003,0.005,0.002,0.003,0.004,0.006,0.003,0.004,0.002,0.004,0.003
621,0,-0.001,0,0.004,0.004,-0.002,0.001,0.003,0.001,-0.003,0,0.004,-0.001,0,0.002,0.003,0,0.001,-0.001,0,0.001
622,-0.003,-0.005,-0.002,0.002,0,-0.005,0.001,0.001,-0.001,-0.006,-0.003,0.001,-0.005,-0.003,0.001,0,-0.003,-0.003,-0.004,-0.003,0
623,-0.005,-0.005,-0.002,0.002,-0.001,-0.004,0,0.001,-0.002,-0.006,-0.005,-0.001,-0.006,-0.005,0.001,-0.001,-0.004,-0.004,-0.004,-0.004,-0.001
624,-0.003,-0.004,-0.002,0.002,0,-0.004,0,0.002,0,-0.004,-0.004,-0.001,-0.006,-0.004,0,0.001,-0.002,-0.003,-0.002,-0.003,0
625,-0.002,-0.002,-0.001,0.002,0.001,-0.003,-0.001,0.002,0.003,-0.002,-0.001,0,-0.004,-0.003,0.001,0.003,0,0,0.001,0,0.001
626,0,-0.001,-0.001,0.003,0.002,0,0,0.003,0.005,0,0.001,0.001,-0.003,-0.002,0.002,0.002,0.001,0.003,0.003,0.002,0.001
627,-0.001,0.001,-0.001,0.006,0.002,0,0,0.004,0.004,0.001,0,0.001,-0.003,-0.001,0.003,0.002,0,0.002,0.002,0.001,0.001
628,-0.002,0.002,-0.002,0.005,0,-0.001,0,0.004,0.002,-0.002,-0.001,0,-0.003,-0.001,0.003,0.001,-0.001,0,0,-0.001,0.001
629,-0.002,0,-0.003,0.004,0,-0.003,0.001,0.004,0.001,-0.003,-0.001,0.001,-0.002,0,0.001,0.001,0,-0.001,0,-0.001,0.002
630,0.001,0,-0.001,0.004,0.003,-0.001,0.004,0.005,0.004,0.001,0.001,0.004,0.001,0.002,0.001,0.004,0.002,0.003,0.002,0.001,0.004
631,0.002,0,0.001,0.002,0.004,0.001,0.004,0.004,0.005,0.002,0.002,0.004,0.001,0.003,0.001,0.005,0.002,0.005,0.004,0.002,0.004
632,0.001,-0.001,0,0.001,0.004,0,0.002,0.002,0.005,0.001,0.001,0.002,-0.001,0.001,0.002,0.004,0.002,0.003,0.002,0,0.002
633,-0.001,-0.003,-0.002,0.001,0.001,-0.002,0,0.001,0.001,-0.003,-0.002,0.001,-0.003,-0.002,0.003,0.001,-0.001,0,0,-0.002,0.001
634,-0.003,-0.003,-0.002,0.002,0,-0.001,0.001,0.002,0.001,-0.004,-0.002,0.002,-0.003,-0.002,0.003,0.002,-0.003,0,0.001,-0.001,0.001
635,0,0,0.003,0.003,0.003,0.003,0.004,0.005,0.006,-0.001,0.003,0.005,0,0.002,0.004,0.006,0,0.005,0.003,0.003,0.005
636,0.003,0.003,0.006,0.004,0.007,0.005,0.006,0.007,0.009,0.001,0.006,0.006,0.003,0.006,0.006,0.007,0.004,0.008,0.006,0.005,0.007
637,0.006,0.004,0.007,0.006,0.009,0.005,0.005,0.008,0.01,0.002,0.006,0.007,0.003,0.007,0.006,0.006,0.007,0.007,0.006,0.005,0.007
638,0.003,0.002,0.002,0.006,0.006,0.001,0.001,0.005,0.006,0,0,0.004,0,0.004,0.005,0.003,0.003,0.002,0.004,0.001,0.003
639,0.002,0.001,-0.001,0.004,0.003,-0.002,0,0.003,0.003,-0.003,-0.001,0.001,-0.002,0,0.004,0,0.002,-0.002,0.001,-0.001,0.002
640,0.001,0.001,0,0.003,0.002,-0.003,-0.001,0.001,0.003,-0.003,-0.002,0,-0.004,-0.005,0.002,-0.002,0.001,-0.003,-0.001,-0.002,0
641,0.002,0.001,0,0.006,0.004,-0.001,0,0.002,0.004,-0.003,0,0.002,-0.003,-0.005,0.002,0,0.003,0,-0.001,-0.001,0.002
642,0.002,0,-0.001,0.005,0.005,-0.002,0,0.001,0.003,-0.001,0.001,0.001,-0.003,-0.002,0.002,0.002,0.003,0.002,0,0,0.001
643,0.002,-0.001,-0.001,0.004,0.004,0,0.001,0.002,0.003,0.001,0.002,0.002,-0.003,0.001,0.005,0.003,0.002,0.003,0,0.001,0.001
644,0.002,0,0,0.002,0.003,0,0.002,0.004,0.005,0.001,0.002,0.002,-0.002,0.004,0.006,0.004,0.003,0.002,0.001,0.003,0.001
645,0.003,0,0,0.002,0.003,0.002,0.001,0.004,0.006,0,0.002,0.002,0,0.003,0.006,0.005,0.002,0.003,0.001,0.003,0.002
646,0.003,-0.001,0.001,0.002,0.003,0.001,0.001,0.002,0.005,0,0.002,0.001,0.001,0.001,0.002,0.004,0.001,0.002,0.002,0.003,0.002
647,0.001,-0.002,0.001,0.002,0.002,0,0.002,0.002,0.003,-0.001,0,0.001,-0.001,0,0.002,0.002,0,0.001,0,0.001,0.001
648,-0.001,-0.001,0.002,0.004,0.002,0.001,0.003,0.004,0.004,0,0,0.002,-0.001,0.002,0.002,0.001,-0.001,0.001,0,0.002,0.001
649,-0.001,-0.001,0.004,0.007,0.003,0.004,0.004,0.006,0.006,0.003,0.004,0.004,0.002,0.005,0.002,0.003,-0.001,0.003,0.002,0.005,0.004
650,0,-0.002,0.004,0.005,0.004,0.003,0.002,0.004,0.005,0.003,0.005,0.004,0.004,0.004,0,0.004,-0.001,0.003,0.003,0.005,0.005
651,0,-0.002,0.001,0.003,0.002,0,0.001,0.003,0.002,0,0.002,0.004,0.001,0.001,0,0.004,0,0.001,0.001,0.003,0.004
652,0,-0.002,-0.001,0.001,0,-0.002,0.001,0.003,0.002,-0.003,-0.001,0.003,-0.001,0,0.003,0.003,0.002,0,0,0.001,0.003
653,-0.002,-0.001,-0.002,0.001,-0.002,-0.002,0.002,0.002,0.003,-0.004,0,0.001,-0.003,-0.002,0.005,0.002,0.002,0,0,0.001,0.003
654,-0.001,0.001,0,0.001,0.001,0,0.003,0.004,0.005,-0.002,0.002,0.001,-0.003,-0.002,0.006,0.004,0.004,0.002,0,0.002,0.004
655,0.005,0.007,0.004,0.004,0.007,0.005,0.007,0.008,0.008,0.003,0.006,0.007,0.002,0.002,0.008,0.008,0.008,0.006,0.004,0.006,0.007
656,0.008,0.01,0.007,0.006,0.009,0.006,0.007,0.009,0.011,0.006,0.008,0.009,0.004,0.006,0.008,0.01,0.01,0.01,0.008,0.006,0.008
657,0.006,0.006,0.006,0.006,0.006,0.005,0.006,0.006,0.008,0.006,0.008,0.008,0.006,0.006,0.004,0.009,0.006,0.009,0.007,0.005,0.007
658,0.002,0.001,0.004,0.005,0.003,0.003,0.005,0.004,0.005,0.003,0.007,0.005,0.005,0.004,0.001,0.006,0.003,0.007,0.006,0.005,0.007
659,0.003,0,0.003,0.004,0.004,0.003,0.005,0.004,0.005,0.001,0.005,0.004,0.002,0.003,0,0.005,0.002,0.006,0.006,0.005,0.006
660,0.004,0,0.003,0.004,0.005,0.004,0.005,0.007,0.006,0.001,0.004,0.002,0.002,0.002,0.001,0.004,0.002,0.005,0.005,0.004,0.003
661,0.005,0.003,0.003,0.004,0.008,0.004,0.005,0.008,0.006,0.003,0.004,0.002,0.003,0.003,0.002,0.004,0.004,0.005,0.003,0.005,0.001
662,0.006,0.005,0.003,0.005,0.009,0.002,0.003,0.007,0.004,0.003,0.004,0.003,0.003,0.003,0.003,0.005,0.005,0.005,0.003,0.004,0.001
663,0.005,0.004,0,0.002,0.006,-0.001,0,0.004,0.003,0.001,0.001,0.001,0,0.001,0.001,0.004,0.002,0.004,0.002,0.002,0.001
664,0.002,0,-0.002,-0.001,0.004,-0.002,-0.002,0.002,0.004,-0.001,0,0,-0.002,0,0.002,0.003,0.001,0.002,0.001,-0.001,0.001
665,0.001,0,-0.003,-0.001,0.002,-0.001,-0.001,0.002,0.003,-0.001,-0.002,0.001,-0.003,-0.001,0.003,0.001,0,0.001,0.001,-0.001,0.002
666,0.002,0.003,0.001,0.002,0.003,0.001,0.002,0.004,0.006,0.002,0.001,0.004,-0.001,0.002,0.005,0.005,0.003,0.004,0.004,0.002,0.003
667,0.001,0.002,0.001,0.002,0.002,0.001,0.002,0.004,0.003,0.002,0.002,0.003,-0.002,0.002,0.003,0.005,0.002,0.003,0.004,0.002,0.003
668,-0.001,0.001,0.003,0.003,0.003,0.001,0.003,0.005,0.003,0,0.001,0.004,-0.002,0.002,0.003,0.003,0.001,0.001,0.001,0,0.003
669,-0.001,0,0.002,0.003,0.002,-0.001,0.003,0.005,0.002,-0.001,-0.001,0.004,-0.003,0,0.002,0.001,0,0,0,0,0.001
670,0.002,0.002,0.002,0.004,0.004,-0.002,0.004,0.006,0.004,-0.001,0,0.004,-0.002,0.001,0.003,0.001,0.001,0.001,0.001,0,0.001
671,0.001,0.001,-0.001,0.003,0.002,-0.003,0.002,0.004,0.002,-0.002,-0.002,0.001,-0.003,-0.001,0.003,0,0,0,0,-0.001,-0.001
672,0.001,0.001,0,0.004,0.003,0,0.002,0.004,0.003,-0.002,0,0.002,-0.003,0,0.005,0.001,0.001,0,-0.001,-0.001,0.001
673,0.001,0.001,-0.001,0.004,0.002,0.001,0.002,0.004,0.003,-0.001,0,0.003,-0.002,0.002,0.005,0.003,0,0.001,-0.001,0,0.002
674,0.001,0.001,0,0.004,0.003,0.001,0.004,0.004,0.004,0.001,0.001,0.003,-0.001,0.003,0.005,0.003,0.001,0.002,0,0.002,0.005
675,0.003,0.002,0.002,0.004,0.005,0.001,0.004,0.006,0.006,0.002,0.003,0.004,0.001,0.005,0.005,0.005,0.003,0.003,0.002,0.004,0.006
676,0.005,0.005,0.004,0.005,0.007,0.001,0.005,0.006,0.007,0.003,0.004,0.005,0.001,0.004,0.006,0.004,0.005,0.002,0.004,0.003,0.006
677,0.005,0.006,0.002,0.005,0.005,0,0.004,0.004,0.006,0.002,0.001,0.004,0,0.003,0.005,0.004,0.003,0.002,0.002,0.001,0.003
678,0.003,0.004,0,0.005,0.004,0,0.003,0.003,0.004,0,0,0.001,-0.001,0.001,0.005,0.005,0.002,0.001,0.001,0.001,0.002
679,0,0,-0.001,0.002,0.003,-0.003,0,0.002,0.004,-0.003,-0.001,0.001,-0.002,0,0.004,0.005,0,0,0,0,0.001
680,-0.001,-0.003,-0.002,-0.001,0.002,-0.004,0,0.002,0.004,-0.004,-0.002,0.001,-0.003,-0.001,0.003,0.002,0,-0.001,-0.003,0,0.002
681,0.002,-0.001,-0.001,0.001,0.003,-0.004,0.002,0.004,0.004,-0.002,-0.001,0.003,-0.001,0.001,0.003,0,0.002,0.001,-0.002,0.002,0.002
682,0.005,0.001,0.001,0.004,0.005,0,0.005,0.006,0.006,0.003,0.003,0.004,0.001,0.002,0.003,0.002,0.005,0.003,0.001,0.004,0.005
683,0.003,0.002,0.002,0.004,0.004,0.001,0.005,0.007,0.005,0.003,0.004,0.004,0.001,0.002,0.002,0.003,0.004,0.002,0.003,0.003,0.004
684,0,0.001,0,0.003,0.003,0,0.003,0.006,0.004,0.003,0.002,0.001,0,-0.001,0.001,0.001,0.001,0,0.002,0,0.003
685,-0.001,0,0,0.003,0.002,0,0.001,0.004,0.004,0,-0.001,0.001,-0.003,-0.003,0.001,0,-0.001,0.001,0.001,-0.002,0.003
686,0.001,0.001,0,0.005,0.006,0,0.002,0.004,0.005,-0.001,0,0.002,-0.003,-0.002,0.003,0,0.001,0.003,0.001,-0.002,0.003
687,0.003,0.003,0.002,0.007,0.007,0,0.003,0.006,0.005,0,0.001,0.005,-0.001,0.002,0.005,0.001,0.004,0.003,0.001,0.003,0.004
688,0.005,0.003,0.002,0.007,0.008,0.001,0.003,0.007,0.005,0.002,0.002,0.005,0.002,0.004,0.005,0.003,0.007,0.005,0.002,0.005,0.005
689,0.007,0.004,0.004,0.007,0.009,0.004,0.004,0.008,0.006,0.003,0.005,0.006,0.003,0.004,0.005,0.004,0.009,0.007,0.004,0.005,0.008
690,0.008,0.005,0.006,0.006,0.011,0.004,0.005,0.009,0.007,0.003,0.005,0.006,0.002,0.002,0.004,0.006,0.009,0.004,0.005,0.004,0.007
691,0.01,0.007,0.005,0.004,0.012,0.004,0.006,0.008,0.007,0.003,0.005,0.006,0.002,0.003,0.004,0.006,0.009,0.003,0.006,0.005,0.007
692,0.007,0.004,0.002,0.002,0.011,0,0.003,0.006,0.003,0.001,0.001,0.004,-0.001,0.001,0.003,0.004,0.005,0.002,0.005,0.003,0.004
693,0.003,0.001,0,0,0.007,0,0.001,0.003,0.002,0.001,0,0.003,-0.002,0.001,0,0.004,0.002,0.003,0.004,0,0.002
694,0,0.001,-0.001,0,0.003,0,0,0.002,0.001,-0.001,-0.001,0.002,-0.004,-0.001,0,0.002,0.001,0.001,0.002,-0.002,0
695,0.002,0.001,0.001,0,0.002,-0.001,0.002,0.002,0.004,-0.002,-0.001,0.003,-0.003,-0.001,0.003,0,0.002,0,0.001,-0.002,0
696,0.002,-0.001,-0.001,0.001,0.002,-0.003,0.001,0.002,0.003,-0.002,-0.001,0.002,-0.003,-0.002,0.002,-0.001,0.001,-0.001,-0.002,-0.001,-0.001
697,0.002,0,0,0.003,0.005,-0.001,0.002,0.003,0.005,0,0.001,0.003,0,-0.001,0.001,0.002,0.002,0.002,-0.001,0,0.002
698,0.001,0.001,0,0.004,0.005,0,0.001,0.003,0.004,0.001,0.002,0.003,-0.002,0.001,-0.001,0.003,0.001,0.003,0,0,0.003
699,0.003,0.003,0,0.003,0.004,0,0.002,0.004,0.004,0,0,0.003,-0.003,0,-0.002,0.002,0.001,0.002,0,-0.001,0.003
700,0.002,0.005,0.002,0.001,0.003,0.001,0.002,0.005,0.004,-0.002,0,0.003,-0.002,0,-0.002,0.002,0.001,0.001,0,0,0.002
701,0.005,0.006,0.005,0.004,0.004,0.005,0.006,0.008,0.008,0.002,0.005,0.007,0.004,0.004,0.002,0.007,0.003,0.005,0.003,0.003,0.005
702,0.006,0.007,0.005,0.006,0.007,0.007,0.006,0.008,0.01,0.005,0.008,0.007,0.005,0.006,0.004,0.008,0.005,0.009,0.006,0.006,0.007
703,0.008,0.005,0.003,0.007,0.009,0.005,0.005,0.007,0.009,0.005,0.005,0.005,0.003,0.006,0.004,0.007,0.007,0.007,0.004,0.007,0.006
704,0.005,0.003,0,0.004,0.005,0.001,-0.001,0.004,0.005,0.001,-0.001,0.001,-0.003,0.002,0.002,0.001,0.004,0.002,-0.001,0.003,0
705,0.001,0.001,-0.002,0.002,0.003,-0.002,-0.001,0.004,0.003,-0.001,-0.001,0.001,-0.005,-0.001,0.003,-0.001,0,0.002,-0.001,-0.001,-0.001
706,-0.001,-0.002,-0.001,0,0.003,-0.001,0,0.004,0.002,-0.001,-0.001,0,-0.005,-0.001,0.003,0,-0.003,0.003,0.001,-0.002,-0.001
707,0.001,-0.002,-0.001,0.003,0.005,0,0.002,0.004,0.004,0.001,0.002,0.002,-0.001,0.001,0.002,0.004,0,0.003,0.005,-0.001,0.002
708,0.001,0,0,0.002,0.005,0,0.001,0.002,0.002,0.002,0.002,0.002,0,0.002,0.002,0.005,0.004,0.003,0.004,0.001,0.004
709,-0.001,0,-0.001,0.001,0.003,-0.002,0,0,0.001,-0.001,0,0.002,-0.002,-0.002,0.002,0.001,0.003,0.001,0.001,0.001,0.003
710,0,0,0.001,-0.001,0.002,-0.001,0.001,0.001,0.003,-0.001,-0.001,0.003,-0.003,-0.002,0.002,0,0.002,0.001,0,0.003,0.002
711,0,0,0.001,0.001,0.003,-0.001,0.003,0.004,0.005,-0.002,-0.001,0.003,-0.003,-0.002,0.001,0,0,0.002,0,0.003,0.001
712,0,-0.001,-0.001,0.002,0.003,-0.001,0.003,0.004,0.003,-0.003,0,0.002,-0.004,-0.002,0,0,-0.001,0.001,-0.002,0,0.001
713,0,-0.001,0,0.001,0.003,-0.002,0.004,0.005,0.003,-0.001,0.001,0.003,-0.003,-0.001,-0.001,0.003,-0.003,0.001,0.001,-0.001,0.003
714,0,-0.001,0.001,-0.001,0.003,-0.001,0.003,0.004,0.003,0,0.001,0.003,-0.002,0.001,-0.001,0.005,-0.002,0.002,0.004,-0.001,0.004
715,-0.001,-0.001,-0.001,-0.001,0,-0.001,0.004,0.002,0.004,0,-0.001,0.003,-0.003,0.001,0,0.003,-0.002,0.002,0.004,-0.001,0.003
716,-0.002,-0.003,-0.003,0,0.001,-0.001,0.003,0,0.002,-0.002,-0.003,0,-0.004,0,-0.001,0,-0.002,0.001,-0.001,0,0.001
717,0.001,-0.002,-0.001,0.002,0.003,0,0.004,0.001,0.003,0,-0.001,-0.001,-0.002,0.001,0.001,0.002,0,0.004,0,0.003,0.001
718,0.002,-0.003,0.001,0.001,0.004,-0.001,0.001,0.001,0.003,0,0,-0.001,-0.002,0,0,0.002,0.001,0.003,0.002,0,0
719,0.002,-0.002,0.003,0,0.004,0,0,0.003,0.005,0.001,0.001,0,-0.003,0,0,0.003,0.002,0.004,0.003,-0.002,0.001
720,0,-0.005,0.003,0.003,0.002,0,0,0.004,0.005,-0.001,0.001,0.002,-0.002,0,-0.002,0.001,0,0,0.002,-0.002,0.001
721,0,-0.003,0.003,0.006,0.003,0.002,0.001,0.006,0.004,-0.001,0.001,0,-0.002,0.003,0.001,0.001,0.001,-0.001,0.001,0,0.002
722,0.001,-0.001,0.002,0.006,0.004,0.002,0.002,0.007,0.006,0,0.003,0.001,-0.002,0.004,0.005,0.002,0.001,0.001,0,0.001,0.002
723,0.002,0.001,0.002,0.004,0.005,0.003,0.001,0.006,0.007,0.001,0.003,0.001,-0.001,0.004,0.007,0.003,0.002,0.003,-0.001,0,0.002
724,0,0,0.004,0.006,0.004,0.003,0.002,0.005,0.006,0.001,0.003,0.005,0.001,0.002,0.006,0.004,0.002,0.005,0.001,0.002,0.002
725,-0.002,0,0.005,0.005,0.003,0.002,0.001,0.004,0.003,0.002,0.003,0.005,0.002,0,0.003,0.002,0.001,0.004,0.001,0.002,0.003
726,-0.001,0.002,0.003,0.003,0.004,0.002,0.001,0.005,0.003,0.002,0.003,0.005,0.001,0.001,0.002,0.003,0,0.003,0.001,0.003,0.004
727,0.001,0.004,0.002,0.003,0.005,0.002,0,0.005,0.002,0.001,0.003,0.003,0,0.001,0.003,0.004,0.002,0.002,0.002,0.001,0.003
728,0.002,0.002,0,0.003,0.005,0,0.001,0.004,0.001,0.001,0.002,0.002,-0.002,0.001,0.002,0.003,0.002,0.001,0.004,0,0.001
729,0.001,0.001,-0.002,0.005,0.005,-0.001,0.002,0.004,0.002,0,0,0.002,0,0.001,0.003,0.003,0.001,0,0.004,0,-0.001
730,0.001,0.001,0,0.005,0.005,0.001,0.002,0.004,0.005,0.001,0,0.003,0,-0.001,0.002,0.003,0,0.001,0.004,0.001,0.001
731,0.002,0.001,0.001,0.005,0.005,0.001,0.002,0.005,0.006,0.001,0.001,0.003,0,-0.001,0.002,0.004,0,0.003,0.005,0.001,0.002
732,0.001,0,0,0.003,0.002,-0.003,-0.001,0.001,0.003,0,0,-0.001,-0.004,-0.002,0,0.001,-0.001,0.002,0.002,-0.002,0
733,0,0.003,-0.002,0.001,0,-0.004,-0.001,-0.001,0.002,-0.002,-0.002,-0.001,-0.006,-0.003,0.001,-0.002,0.001,0,-0.001,-0.004,-0.002
734,0.001,0.002,-0.003,0.001,0.001,-0.003,0.001,0,0.005,-0.004,-0.005,-0.002,-0.006,-0.003,0.002,-0.003,0.003,-0.002,-0.002,-0.003,-0.002
735,0,0.003,-0.003,0.001,0.002,-0.003,0.001,0,0.005,-0.004,-0.005,-0.001,-0.005,-0.005,0.002,-0.002,0.004,-0.002,-0.001,-0.001,-0.002
736,0.001,0.002,-0.001,0.002,0.003,-0.002,0.002,0.001,0.005,-0.001,-0.002,0,-0.004,-0.003,0.002,0.001,0.002,0.001,0,0.001,0
737,-0.001,0,-0.001,0.002,0.002,-0.002,0.002,0.002,0.004,0,-0.001,0.002,-0.002,-0.003,0,0.003,0.001,0.003,0.001,0.002,0.002
738,0.001,-0.001,0.001,0.005,0.004,-0.001,0.002,0.005,0.006,0.001,0,0.004,0,0.001,0.002,0.004,0.002,0.004,0.002,0.002,0.005
739,0.002,0,0.001,0.005,0.004,-0.001,0.001,0.003,0.006,0.001,0,0.003,0.001,0.001,0.002,0.003,0.002,0.002,0.001,0.003,0.006
740,0.005,0.003,0.004,0.006,0.006,0.002,0.004,0.003,0.007,0.003,0.003,0.004,0.002,0.003,0.003,0.005,0.005,0,0.002,0.003,0.006
741,0.006,0.006,0.004,0.005,0.006,0.004,0.004,0.005,0.007,0.002,0.004,0.006,0.003,0.003,0.003,0.009,0.006,0.001,0.004,0.002,0.005
742,0.004,0.008,0.006,0.004,0.007,0.005,0.005,0.006,0.007,0.002,0.005,0.008,0.002,0.006,0.004,0.009,0.004,0.005,0.004,0.003,0.005
743,0.002,0.008,0.005,0.006,0.008,0.004,0.005,0.007,0.007,0.003,0.006,0.008,0.003,0.007,0.004,0.007,0.006,0.009,0.007,0.004,0.006
744,0.002,0.005,0.004,0.006,0.008,0.005,0.004,0.005,0.008,0.004,0.007,0.006,0.003,0.007,0.002,0.008,0.007,0.008,0.007,0.004,0.005
745,0.004,0.003,0.004,0.007,0.006,0.003,0.002,0.006,0.007,0.003,0.005,0.003,0.003,0.005,0.001,0.009,0.007,0.006,0.007,0.003,0.003
746,0.007,0.003,0.004,0.004,0.004,0.002,0.003,0.005,0.007,0.003,0.003,0.002,0.003,0.004,0,0.007,0.004,0.003,0.005,0.003,0.001
747,0.005,0.003,0.002,0.003,0.005,0,0.003,0.005,0.005,0.003,0.001,0.001,0.003,0.003,0.002,0.004,0.003,0.003,0.004,0.004,0.002
748,0.002,0.003,-0.001,0.002,0.005,0,0.001,0.002,0.003,0.003,0.001,0.001,0.002,0.003,0.004,0.003,0.002,0.001,0.002,0.003,0.001
749,0.001,0.003,0.001,0.002,0.003,0.001,0.001,0.001,0.002,0.003,0.001,0,0,0.001,0.003,0.002,0.001,0.001,0.002,0.002,0.002
750,0,0,0,0,0,0,0,0,0,0,0,0,0,0,0,0,0,0,0,0,0
751,0,-0.001,-0.001,0.001,0,-0.002,0.001,0.002,0.001,-0.001,-0.001,0,-0.001,-0.001,0,0.001,-0.001,0.001,-0.002,-0.001,0
752,0.001,-0.001,-0.002,0.002,0.003,0.001,0,0.003,0.003,0.001,0.001,0.001,-0.003,0,0.001,0.004,-0.001,0.001,0,-0.001,0
753,0.002,0,0,0.003,0.003,0.002,0.002,0.005,0.005,0.003,0.002,0.001,-0.004,0.002,0.002,0.007,0.001,0.002,0.003,0,0.001
754,0.001,0.001,0,0.003,0,0,0,0.004,0.004,0.002,0.001,0,-0.004,0,0.002,0.006,0.002,0.002,0.003,0.002,0
755,-0.001,0.002,0,0.003,0,-0.001,0.001,0.004,0.003,-0.002,0.001,0,-0.004,-0.002,0.004,0.003,0.001,0.001,0.004,0.001,0.001
756,-0.002,0.003,-0.001,0.005,0.003,-0.003,0,0.002,0.001,-0.003,0,0,-0.006,-0.004,0.004,-0.001,0,-0.001,0,-0.001,0.001
757,-0.004,-0.002,-0.004,0.003,0.003,-0.007,-0.002,-0.002,-0.004,-0.005,-0.003,-0.003,-0.007,-0.005,0.001,-0.005,-0.003,-0.005,-0.003,-0.005,-0.001
758,-0.003,-0.005,-0.007,0.003,0,-0.007,-0.004,-0.001,-0.006,-0.005,-0.004,-0.005,-0.006,-0.006,-0.001,-0.002,-0.004,-0.005,-0.004,-0.004,-0.003
759,-0.002,-0.006,-0.007,0.002,0,-0.005,-0.002,0,-0.004,-0.004,-0.002,-0.004,-0.004,-0.004,0,0.002,-0.002,-0.003,-0.001,-0.001,-0.003
760,0,-0.003,-0.004,0.004,0.002,-0.004,-0.002,0.001,0.002,-0.003,-0.002,0,-0.002,-0.001,0.002,0.003,-0.002,-0.002,-0.002,-0.001,-0.003
761,0.002,0,0,0.005,0.002,-0.004,-0.001,0.001,0.004,-0.001,-0.003,0.002,-0.002,0,0.003,0.001,0.001,-0.001,-0.001,0,0.001
762,-0.002,-0.001,-0.002,0.001,-0.003,-0.007,-0.003,-0.001,0,-0.003,-0.005,-0.002,-0.007,-0.006,0.001,-0.003,-0.003,-0.004,-0.005,-0.003,0
763,-0.004,-0.002,-0.004,0,-0.003,-0.008,-0.002,-0.002,-0.002,-0.004,-0.004,-0.002,-0.007,-0.007,0.001,-0.004,-0.003,-0.004,-0.004,-0.004,0.001
764,-0.006,-0.003,-0.005,0,0,-0.008,-0.003,-0.001,-0.002,-0.005,-0.005,-0.001,-0.008,-0.008,0,-0.005,-0.002,-0.006,-0.006,-0.005,0.001
765,-0.004,-0.001,-0.002,0.002,0.005,-0.005,0,0.002,0.002,-0.003,-0.003,0.002,-0.005,-0.004,0.001,-0.003,0.002,-0.004,-0.002,-0.002,0.003
766,0,-0.001,0.002,0.002,0.006,0,0.003,0.005,0.006,0,0.001,0.003,-0.002,0.002,0.001,0.003,0.001,0,0,0.001,0.002
767,0.004,-0.001,0.003,0.005,0.008,0.002,0.007,0.005,0.009,0.003,0.004,0.006,0.001,0.008,0.003,0.007,0.002,0.005,0.003,0.003,0.005
768,0.006,0,0.003,0.006,0.008,0.002,0.006,0.004,0.008,0.005,0.005,0.006,0.002,0.008,0.005,0.006,0.005,0.005,0.004,0.005,0.006
769,0.004,-0.001,0.001,0.003,0.004,0,0.002,0.001,0.005,0.002,0.003,0.002,-0.001,0.004,0.002,0.002,0.002,0.002,0.001,0,0.002
770,0,-0.001,-0.002,-0.002,0.001,-0.003,0.001,0.001,0.004,-0.002,0.002,0,-0.004,0,0.001,-0.001,0,-0.001,-0.002,-0.004,-0.002
771,0,-0.002,-0.004,-0.002,-0.001,-0.003,0.001,0,0.004,-0.002,0,0.001,-0.005,0,0.002,-0.002,-0.001,-0.001,-0.004,-0.004,-0.002
772,0.001,0,-0.002,0,0,0.001,0.002,0.003,0.005,0,0,0.001,-0.004,0.001,0.004,0,0.001,0.002,-0.002,0,0.001
773,-0.001,0,0,0.001,-0.001,0.002,0.003,0.005,0.006,0,-0.001,0.003,-0.001,0.002,0.004,0.003,0,0.004,0.001,0.002,0.002
774,-0.005,0.001,-0.002,0.002,-0.003,-0.001,0.002,0.005,0.003,-0.002,-0.002,0.003,-0.003,-0.003,0.003,0.004,-0.001,0.003,0.002,-0.001,0
775,-0.002,-0.001,-0.004,0.004,-0.003,-0.003,0,0.003,0.002,-0.004,-0.003,0,-0.003,-0.002,0.003,0.003,0,0,0,-0.003,-0.001
776,0.001,-0.003,-0.003,0.004,-0.002,-0.004,0.001,0.004,0.003,-0.004,-0.003,-0.001,-0.002,0.001,0.005,0.003,-0.001,-0.002,0,-0.004,0
777,0.003,-0.001,0.001,0.003,0.002,-0.001,0.001,0.004,0.006,-0.001,0,0.002,0.001,0.005,0.004,0.004,0.001,0.002,0.003,0,0.002
778,0.002,0.001,0.002,0,0.005,0,-0.001,0.001,0.003,0,0.001,0.002,0.001,0.003,0.001,0.005,0.002,0.002,0.002,-0.001,0.002
779,0.002,0,0.002,0,0.007,-0.001,-0.001,-0.001,0.001,0.001,-0.001,0.001,0.001,-0.001,0,0.004,0.004,0.002,-0.001,-0.003,-0.002
780,0.003,0,0,0,0.007,-0.001,0,-0.001,0.002,0,-0.002,0.003,0,-0.002,0,0.002,0.002,0.002,-0.002,-0.003,-0.001
781,0.003,0.003,0.001,0.001,0.006,0,0,0,0.004,0.001,0.001,0.004,-0.002,0,0.001,0.004,0.002,0.002,0.002,0.001,0.001
782,0.002,0.002,0.001,0.002,0.004,-0.002,-0.001,0,0.002,-0.002,0,0.003,-0.004,-0.001,0.001,0.003,0.002,-0.002,0.002,0.002,0
783,-0.001,0,-0.003,0.001,0.001,-0.005,-0.004,-0.002,-0.002,-0.004,-0.005,0.002,-0.005,-0.005,-0.002,0.002,0.003,-0.003,0.001,-0.001,-0.003
784,-0.001,-0.003,-0.004,0.001,0,-0.006,-0.004,-0.002,0,-0.005,-0.005,0,-0.003,-0.005,-0.001,0.002,0.001,-0.003,0.002,-0.004,-0.002
785,0,-0.002,-0.005,0.003,0.001,-0.004,-0.003,-0.003,0.001,-0.003,-0.003,-0.002,-0.001,-0.002,-0.001,0.003,0,-0.001,0.002,-0.003,-0.002
786,0.002,-0.001,0,0.007,0.004,-0.002,0,-0.001,0.003,0.001,0.001,-0.001,-0.002,0.002,0.001,0.003,0.003,0.002,0.002,-0.003,0
787,0.003,-0.002,-0.001,0.006,0.002,-0.003,0,-0.001,0.003,0.001,0,0,-0.006,0,0.001,0,0.004,0.003,0,-0.007,-0.004
788,0.001,-0.002,-0.003,0.002,0,-0.002,-0.003,-0.002,0,-0.003,-0.002,-0.001,-0.009,-0.003,0.002,-0.001,0.002,-0.003,-0.004,-0.009,-0.005
789,0.002,-0.001,-0.003,0,0.003,0,-0.003,-0.002,0.002,-0.004,-0.003,0,-0.007,-0.003,0.004,0,0.003,-0.001,-0.003,-0.003,-0.001
790,0.003,0.001,-0.001,0.002,0.004,-0.001,-0.004,0,0.005,-0.002,0,0.004,-0.007,0,0.003,0.004,0.003,0.002,0.001,0.002,0.003
791,0.002,-0.005,-0.004,0,0.001,-0.005,-0.003,-0.001,0.005,-0.005,-0.004,0.002,-0.009,-0.002,-0.001,0.001,0.002,0,0.002,0.003,0.001
792,-0.003,-0.009,-0.006,-0.001,-0.002,-0.005,-0.003,-0.003,0.002,-0.005,-0.007,-0.002,-0.009,-0.006,-0.003,-0.003,0,-0.004,-0.005,-0.001,-0.002
793,-0.003,-0.007,-0.002,-0.002,-0.001,0,0.002,0.002,0.001,-0.004,-0.004,-0.001,-0.003,-0.006,0,-0.002,0.001,0.001,-0.005,-0.002,0
794,0,-0.004,0.003,0,0.001,0.002,0.003,0.007,0.003,-0.002,0.005,0.004,0.001,0,0.006,0.005,-0.001,0.007,-0.002,-0.002,0.003
795,-0.002,-0.008,0,0.001,0.001,-0.003,-0.002,0.003,0,-0.005,0.002,0.001,-0.004,0,0.005,0.002,-0.006,0.003,-0.004,-0.004,-0.002
796,-0.004,-0.007,-0.001,0.002,0.002,-0.004,-0.004,0,0.001,-0.001,-0.001,-0.001,-0.005,-0.003,0.004,0,-0.007,0.001,-0.004,-0.003,-0.002
797,0.002,-0.001,0,0.004,0.004,0.001,0.002,0.004,0.004,0.001,-0.003,0.001,-0.004,-0.003,0.004,-0.001,0,0.002,0,0.001,0.002
798,0.006,0.001,0.002,0.006,0.003,0.004,0.006,0.007,0.006,0.002,0,0.004,0,0,0.009,0.003,0.005,0.005,0.002,0.004,0.004
799,0.007,0.004,0.006,0.009,0.005,0.003,0.009,0.01,0.01,0.003,0.006,0.006,0.004,0.004,0.01,0.006,0.005,0.006,0.003,0.005,0.005
800,0.007,0.006,0.007,0.007,0.007,0.005,0.011,0.011,0.011,0.005,0.01,0.007,0.006,0.005,0.009,0.009,0.006,0.008,0.004,0.004,0.006
801,0.011,0.008,0.007,0.005,0.011,0.007,0.012,0.011,0.009,0.003,0.007,0.007,0.004,0.006,0.005,0.007,0.008,0.007,0.006,0.005,0.007
802,0.012,0.009,0.008,0.004,0.014,0.004,0.01,0.009,0.008,0.002,0.002,0.007,0.004,0.006,0.005,0.005,0.013,0.004,0.006,0.007,0.005
803,0.011,0.011,0.007,0.005,0.014,0.002,0.009,0.009,0.007,0.003,0.002,0.007,0.005,0.01,0.006,0.004,0.015,0.003,0.007,0.007,0.007
804,0.005,0.006,-0.002,0.001,0.008,-0.006,0.002,0.003,0,0.001,-0.003,0.004,0.001,0.003,0,-0.001,0.009,-0.001,0.001,0.003,0.002
805,0.002,0.001,-0.007,-0.001,0.001,-0.007,-0.007,0,-0.006,-0.002,-0.008,-0.004,-0.004,-0.001,-0.004,-0.008,0.002,-0.005,-0.002,-0.001,-0.003
806,0.005,-0.001,-0.007,0.002,0.002,-0.007,-0.005,0,-0.005,0,-0.01,-0.007,-0.002,-0.001,-0.002,-0.005,0.001,-0.003,0,-0.003,-0.004
807,0.006,0.002,0,0.003,0.004,-0.001,-0.001,0.005,0.001,0.005,-0.003,-0.004,0,0.003,0.003,0.002,0.003,0.003,0.006,-0.004,0
808,0.003,0.002,0.001,0.001,0.004,0.001,-0.002,0.002,0.002,0.004,-0.001,0.001,-0.001,0.003,0.002,0.004,0.004,0.003,0.005,-0.004,0.001
809,0,-0.001,0.002,0,0.003,-0.001,-0.003,-0.001,0.005,0,0,0.002,-0.003,0.002,0.003,0.002,0.006,0.002,0.002,-0.005,-0.001
810,0.004,-0.001,0.002,0.003,0.002,-0.002,0,-0.001,0.009,-0.002,0.001,0.004,-0.002,0.001,0.003,0.005,0.007,0.005,0,0.001,-0.001
811,0,0,0.001,0.002,0.002,-0.003,-0.001,0.002,0.009,0,0.005,0.005,-0.002,-0.001,0.004,0.005,0.002,0.003,0,0.005,0.001
812,-0.004,-0.001,0,-0.002,-0.001,-0.002,-0.002,0.001,0.001,-0.001,0.003,0.002,-0.004,-0.004,0.005,0.001,0,-0.001,-0.002,0.003,-0.002
813,-0.002,-0.004,-0.001,-0.001,-0.001,-0.001,0,0.001,-0.001,0.003,0.003,0,-0.002,-0.001,0.003,-0.001,0,0,-0.003,-0.001,-0.001
814,0.004,-0.003,0.002,0.002,0.002,0.001,0.005,0.002,0.001,0.005,0.003,0.001,-0.002,0.003,0.003,0.002,0,0.003,0.001,-0.001,0.006
815,0.006,-0.001,0.004,0.007,0.009,0.003,0.003,0.005,0.008,0.005,0.008,0.004,0.001,0.007,0.004,0.006,0,0.005,0.003,0.003,0.009
816,0.005,-0.002,0.003,0.004,0.01,0,0,0.003,0.006,0.003,0.001,0.001,0,0.004,0.005,0.005,0.001,0.002,-0.001,0.005,0.004
817,0.004,0.001,0.001,0.002,0.009,0.002,0.001,0.005,0.006,0.003,0.003,0.002,0.003,0.003,0.003,0.005,0.003,0.005,0.003,0.004,0.002
818,0.006,0.005,0.002,0.002,0.009,0.007,0.006,0.009,0.008,0.005,0.007,0.007,0.004,0.004,0.002,0.008,0.005,0.01,0.01,0.004,0.01
819,0.007,0.005,0.005,0.005,0.009,0.008,0.011,0.011,0.011,0.002,0.01,0.01,0.007,0.007,0.003,0.01,0.008,0.009,0.01,0.006,0.012
820,0.006,0,0.003,0.002,0.007,0.002,0.008,0.008,0.01,0.001,0.004,0.007,0.003,0.005,0.002,0.006,0.006,0.005,0.003,0.004,0.008
821,0.002,-0.001,0.001,0,0.005,-0.001,0.004,0.006,0.007,-0.001,0.001,0.007,-0.002,0.002,0.001,0.003,0.003,0.001,0.002,0.003,0.003
822,0.002,-0.001,0.002,0.001,0.006,-0.002,0.002,0.005,0.005,-0.002,0.001,0.006,-0.002,0,0.002,0.002,0.003,-0.001,0,0.003,0.003
823,0,-0.001,0.002,0.001,0.004,-0.005,0,0.002,0.002,-0.005,-0.001,0.001,-0.004,-0.003,-0.001,0,-0.001,-0.006,-0.003,0,0
824,-0.002,0.001,-0.001,0,0.002,-0.006,-0.003,-0.002,0.001,-0.005,-0.005,-0.002,-0.005,-0.004,-0.004,-0.003,-0.002,-0.005,-0.005,-0.002,0
825,-0.001,0.002,-0.003,0,0,-0.004,-0.002,-0.002,0.001,-0.005,-0.004,-0.003,-0.007,-0.004,-0.002,-0.003,0.001,-0.004,-0.004,-0.001,-0.001
826,0,-0.001,-0.004,0,0,-0.006,-0.003,-0.002,0.001,-0.006,-0.003,-0.003,-0.005,-0.002,-0.003,-0.004,0.002,-0.004,-0.004,-0.002,-0.001
827,-0.001,-0.003,-0.003,0,0.003,-0.004,-0.002,0,0,-0.006,-0.003,-0.003,-0.004,-0.002,-0.003,-0.002,-0.001,-0.003,-0.003,-0.002,-0.002
828,0,-0.003,-0.003,0.001,0.007,-0.002,-0.002,0,0.002,-0.004,-0.003,0.001,-0.002,-0.002,-0.003,0,-0.001,0,-0.002,0.002,0
829,0.004,-0.002,0,0.003,0.007,0,0,0,0.003,-0.004,0,0.004,-0.001,0.001,0.002,0.004,0.004,0.002,0.001,0.005,0.003
830,0.003,-0.005,-0.002,0.002,0.003,-0.003,-0.001,-0.001,0.002,-0.007,0,0.003,-0.002,-0.002,-0.002,0.001,0.001,0,-0.002,0.002,0.002
831,0,-0.007,-0.001,0.003,0.002,-0.003,0,0.003,0.002,-0.005,0.001,0.003,-0.002,-0.003,-0.002,0,-0.001,0.001,-0.001,0.001,0.002
832,-0.002,-0.004,-0.003,0.004,0.003,0,0,0.006,0.003,-0.002,0,0.003,-0.003,-0.002,-0.002,0.001,-0.002,0.002,-0.001,-0.001,-0.002
833,-0.002,-0.001,0,0.003,0.001,0.001,0.001,0.006,0.003,-0.001,0,0.003,-0.002,0.001,0,0.002,0,-0.002,0.001,0,0
834,-0.002,0,0,0.001,0.002,-0.001,-0.001,0.003,-0.001,-0.005,0,0.001,0,-0.002,-0.001,-0.002,-0.001,-0.003,0,0,0.001
835,0,0.002,0.002,0.002,0.006,0,0.002,0.007,-0.001,-0.004,0.001,0.004,0.001,0,0.003,-0.002,0.004,0.001,0,0.004,0.005
836,-0.004,0.001,-0.002,0,0.003,-0.002,0.001,-0.001,0,-0.007,-0.003,0.002,-0.004,-0.003,0.001,-0.003,0.002,0,-0.005,0.001,0.001
837,-0.003,-0.001,-0.002,0.001,0.001,-0.001,-0.002,0,0.004,-0.003,-0.004,0.005,-0.008,-0.003,0.002,-0.002,-0.002,-0.001,-0.004,-0.004,0
838,0.001,-0.002,0,0.003,0,0.002,-0.003,0.003,0.002,-0.002,0,0.006,-0.006,-0.005,0.004,0,-0.004,0.001,0,-0.005,0
839,0.001,-0.004,-0.003,0.002,0.002,0.003,-0.001,0.005,0.001,-0.003,0.004,0.002,-0.002,-0.004,0.002,0.004,-0.002,0,0.003,-0.006,0
840,-0.004,-0.005,-0.008,-0.002,0.003,-0.003,0.001,0.002,-0.002,-0.005,0.003,-0.004,-0.004,-0.003,-0.003,0.002,0.002,-0.004,-0.001,-0.005,-0.001